Workbook

Sheet DictionaryName
A1: Start | B1: Dictionary ID | C1: DictionaryFile | D1: DictionaryName | E1: Description
E2: Leave this line blank
B3: propertyClass | C3: gp_properties | D3: DIGGS Measurement Properties for Geophysics | E3: This dictionary contains the values for the propertyClass property of the diggs:Property object and the measurand property of the diggs:Detector object when used within the Test feature, where thetesting procedure is a ProcessedGeophysicalsurvey or WirelineLog. These values serve to define the ultimate results of geophysical field measurements. The Xpaths to these occurrences are: 1) //diggs:Property/diggs:propertyClass.

Sheet Definitions
A1: Start | B1: ID | C1: Name | D1: Description | E1: DataType | F1: QuantityClass | G1: Authority | H1: Reference
A2: =IF(ISNA(VLOOKUP(B2,AssociatedElements!B$2:B2954,1,FALSE)),"Not used","") | B2: gamma_ray | C2: Gamma Ray | D2: The intensity of natural gamma-ray radiation emitted from formations containing radioactive elements, such as Potassium, Thorium, and Uranium. Measured according to API specifications or as counts per time | E2: double | F2: API gamma ray
A3: =IF(ISNA(VLOOKUP(B3,AssociatedElements!B$2:B2947,1,FALSE)),"Not used","") | B3: dielectric_constant | C3: Dielectric Constant | D3: The ratio of the permittivity of the medium to the permittivity of the free space | E3: double
A4: =IF(ISNA(VLOOKUP(B4,AssociatedElements!B$2:B2958,1,FALSE)),"Not used","") | B4: in_phase_x | C4: X Component of In Phase | D4: the x component of the in-phase wave component. | E4: double
A5: =IF(ISNA(VLOOKUP(B5,AssociatedElements!B$2:B2959,1,FALSE)),"Not used","") | B5: in_phase_y | C5: Y Component of In Phase | D5: the y component of the in-phase wave component. | E5: double
A6: =IF(ISNA(VLOOKUP(B6,AssociatedElements!B$2:B2967,1,FALSE)),"Not used","") | B6: magnetic_susceptibility | C6: Magnetic Susceptibility | D6: The degree to which a material becomes magnetized in response to an applied magnetic field. | E6: double
A7: =IF(ISNA(VLOOKUP(B7,AssociatedElements!B$2:B2974,1,FALSE)),"Not used","") | B7: poisson_ratio | C7: Poisson Ratio | D7: Ratio of the transverse contraction of a body to its longitudinal extension when stretched. Typical values in minerals are from 0.15 to 0.3 (Carbonates:0.15, Sandstones:0.2, Shales:0.25). | E7: double
A8: =IF(ISNA(VLOOKUP(B8,AssociatedElements!B$2:B2984,1,FALSE)),"Not used","") | B8: reflection_coefficient | C8: Reflection Coefficient | D8: the ratio of amplitude of the reflected wave to the incident wave | E8: double
A9: =IF(ISNA(VLOOKUP(B9,AssociatedElements!B$2:B2946,1,FALSE)),"Not used","") | B9: conductivity | C9: Electrical Conductivity | D9: A measure of the ability of a specified material to pass an electric current. | E9: double | F9: electric conductivity
A10: =IF(ISNA(VLOOKUP(B10,AssociatedElements!B$2:B2949,1,FALSE)),"Not used","") | B10: electric_field_x | C10: X Component of Electric Field | D10: The x component of an electric field. | E10: double | F10: electric field strength
A11: =IF(ISNA(VLOOKUP(B11,AssociatedElements!B$2:B2950,1,FALSE)),"Not used","") | B11: electric_field_y | C11: Y Component of Electric Field | D11: The y component of an electric field. | E11: double | F11: electric field strength
A12: =IF(ISNA(VLOOKUP(B12,AssociatedElements!B$2:B2951,1,FALSE)),"Not used","") | B12: electric_field_z | C12: Z Component of Electric Field | D12: The z component of an electric field. | E12: double | F12: electric field strength
A13: =IF(ISNA(VLOOKUP(B13,AssociatedElements!B$2:B2963,1,FALSE)),"Not used","") | B13: magnetic_field_total | C13: Total Field Strength | D13: Total strength of the magnetic field. | E13: double | F13: electric field strength
A14: =IF(ISNA(VLOOKUP(B14,AssociatedElements!B$2:B2964,1,FALSE)),"Not used","") | B14: magnetic_field_x | C14: X Component of Magnetic Field Strength | D14: The x component of a magnetic field. | E14: double | F14: electric field strength
A15: =IF(ISNA(VLOOKUP(B15,AssociatedElements!B$2:B2965,1,FALSE)),"Not used","") | B15: magnetic_field_y | C15: Y Component of Magnetic Field Strength | D15: The y component of a magnetic field. | E15: double | F15: electric field strength
A16: =IF(ISNA(VLOOKUP(B16,AssociatedElements!B$2:B2966,1,FALSE)),"Not used","") | B16: magnetic_field_z | C16: Z Component of Magnetic Field Strength | D16: The z component of a magnetic field. | E16: double | F16: electric field strength
A17: =IF(ISNA(VLOOKUP(B17,AssociatedElements!B$2:B2975,1,FALSE)),"Not used","") | B17: electrodiffusion_potential | C17: Electrodiffusion Potential | D17: A measure of transient background potentials that come from the difference in electrolyte mobilities within porous media | E17: double | F17: electric potential difference
A18: =IF(ISNA(VLOOKUP(B18,AssociatedElements!B$2:B2976,1,FALSE)),"Not used","") | B18: electric_potential | C18: Electric Potential | D18: A measure of the amount of work energy needed per unit of electric charge to move the charge from a reference point to a specific point in an electric field. | E18: double | F18: electric potential difference
A19: =IF(ISNA(VLOOKUP(B19,AssociatedElements!B$2:B2977,1,FALSE)),"Not used","") | B19: kinetic_potential | C19: Electrokinetic Potential | D19: A measure of the potential that forms from electrolytes flowing through a porous medium | E19: double | F19: electric potential difference
A20: =IF(ISNA(VLOOKUP(B20,AssociatedElements!B$2:B2978,1,FALSE)),"Not used","") | B20: mineral_potential | C20: Mineral Potential | D20: A measure of the potential from mineral deposit sources | E20: double | F20: electric potential difference
A21: =IF(ISNA(VLOOKUP(B21,AssociatedElements!B$2:B2979,1,FALSE)),"Not used","") | B21: nerst_potential | C21: Nerst Potential | D21: The potential difference between two electrodes immersed in a homogeonous medium in which local concentration differ | E21: double | F21: electric potential difference
A22: =IF(ISNA(VLOOKUP(B22,AssociatedElements!B$2:B2980,1,FALSE)),"Not used","") | B22: redox_potential | C22: Redox Potential | D22: A measure of the ability of chemical/biochemical systems to oxidize (lose electrons) or reduce (gain electrons). | E22: double | F22: electric potential difference
A23: =IF(ISNA(VLOOKUP(B23,AssociatedElements!B$2:B2991,1,FALSE)),"Not used","") | B23: spontaneous_potential | C23: Spontaneous Potential | D23: Also called self potential, is a naturally occurring electric potential difference in the Earth, measured by an electrode relative to a fixed reference electrode. Spontaneous potentials are usually caused by charge separation in clay or other minerals, due to presence of semi-permeable interface impeding the diffusion of ions through the pore space of rocks, or by natural flow of a conducting fluid through the rocks. | E23: double | F23: electric potential difference
A24: =IF(ISNA(VLOOKUP(B24,AssociatedElements!B$2:B3002,1,FALSE)),"Not used","") | B24: wall_amp | C24: Borehole Wall Amplitude | D24: amplitude of borehole wall signals | E24: double | F24: electric potential difference
A25: =IF(ISNA(VLOOKUP(B25,AssociatedElements!B$2:B2985,1,FALSE)),"Not used","") | B25: resistance | C25: Electrical Resistance | D25: The property by which a conductor opposes the flow of electrons, precisely electric current. It is the ratio of voltage to the electric current applied on an electronic device. Resistance is a physical property of the material, and hence, it depends upon the material type. It also depends upon the length and cross-sectional area of the material to which the current is applied. For a material, resistance is proportional to the length and inversely proportional to its cross-sectional area. | E25: double | F25: electric resistance
A26: =IF(ISNA(VLOOKUP(B26,AssociatedElements!B$2:B2998,1,FALSE)),"Not used","") | B26: tensor_impedance_x | C26: X Component of Tensor Impedance | D26: The x component of the magnetotelluric impedence tensor. | E26: double | F26: electric resistance
A27: =IF(ISNA(VLOOKUP(B27,AssociatedElements!B$2:B2999,1,FALSE)),"Not used","") | B27: tensor_impedance_y | C27: Y Component of Tensor Impedance | D27: The y component of the magnetotelluric impedence tensor. | E27: double | F27: electric resistance
A28: =IF(ISNA(VLOOKUP(B28,AssociatedElements!B$2:B3000,1,FALSE)),"Not used","") | B28: tensor_impedance_z | C28: Z Component of Tensor Impedance | D28: The z component of the magnetotelluric impedence tensor. | E28: double | F28: electric resistance
A29: =IF(ISNA(VLOOKUP(B29,AssociatedElements!B$2:B2986,1,FALSE)),"Not used","") | B29: resistivity | C29: Electrical Resistivity | D29: The resisting property of the material when the current is applied through it and is defined as the resistance per unit length for a unit cross-section of material. Resistivity is directly proportional to temperature. | E29: double | F29: electrical resistivity
A30: =IF(ISNA(VLOOKUP(B30,AssociatedElements!B$2:B2987,1,FALSE)),"Not used","") | B30: resistivity_app | C30: Apparent Resistivity | D30: Resistivity between electrodes. | E30: double | F30: electrical resistivity
A31: =IF(ISNA(VLOOKUP(B31,AssociatedElements!B$2:B2983,1,FALSE)),"Not used","") | B31: radiation_energy | C31: Radiation Energy | D31: Radiant energy emitted by radioactive source | E31: double | F31: energy
A32: =IF(ISNA(VLOOKUP(B32,AssociatedElements!B$2:B2997,1,FALSE)),"Not used","") | B32: tension | C32: Tension | D32: The force tending to cause extension of a body, as experienced in a cable, rope, string, etc. | E32: double | F32: force
A33: =IF(ISNA(VLOOKUP(B33,AssociatedElements!B$2:B2960,1,FALSE)),"Not used","") | B33: larmor_frequency | C33: Larmor Frequency | D33: The hydrogen proton excitation from specific magnetic field frequency based on Earth's field. | E33: double | F33: frequency
A34: =IF(ISNA(VLOOKUP(B34,AssociatedElements!B$2:B2971,1,FALSE)),"Not used","") | B34: number_beta_particles | C34: Number of Beta Particles | D34: The amount of detected beta particles in a given time. | E34: double | F34: frequency
A35: =IF(ISNA(VLOOKUP(B35,AssociatedElements!B$2:B2972,1,FALSE)),"Not used","") | B35: number_gamma_particles | C35: Number of Gamma Particles | D35: The amount of detected gamma particles in a given time. | E35: double | F35: frequency
A36: =IF(ISNA(VLOOKUP(B36,AssociatedElements!B$2:B2956,1,FALSE)),"Not used","") | B36: gravity_gradient | C36: Gravity Gradient | D36: The gradient in the gravitational forces acting on different parts of a nonspherical object. | E36: double | F36: gravitational gradient
A37: =IF(ISNA(VLOOKUP(B37,AssociatedElements!B$2:B2942,1,FALSE)),"Not used","") | B37: borehole_diameter | C37: Borehole Diameter | D37: The distance measured across an open borehole. | E37: double | F37: length
A38: =IF(ISNA(VLOOKUP(B38,AssociatedElements!B$2:B2952,1,FALSE)),"Not used","") | B38: em_velocity | C38: Electromagnetic Velocity | D38: The velocity of electromagnetic wave propagation through a medium. | E38: double | F38: length per time
A39: =IF(ISNA(VLOOKUP(B39,AssociatedElements!B$2:B2953,1,FALSE)),"Not used","") | B39: flow_velocity | C39: Flow Velocity | D39: The rate of vertical flow of a fluid within a borehole. | E39: double | F39: length per time
A40: =IF(ISNA(VLOOKUP(B40,AssociatedElements!B$2:B2973,1,FALSE)),"Not used","") | B40: p_wave_velocity | C40: Primary Compression Wave Velocity | D40: The velocity of a p-wave (Vp). P-waves (primary waves) are compressional waves that are longitudinal in nature. | E40: double | F40: length per time
A41: =IF(ISNA(VLOOKUP(B41,AssociatedElements!B$2:B2989,1,FALSE)),"Not used","") | B41: shear_velocity | C41: Shear Velocity | D41: The velocity of a shear wave (Vs); a shear wave is a type of seismic wave in which the particle motion is perpendicular to the direction of propagation in a horizontal plane ; also called S-wave or secondary wave. | E41: double | F41: length per time
A42: =IF(ISNA(VLOOKUP(B42,AssociatedElements!B$2:B3001,1,FALSE)),"Not used","") | B42: tube_wave_velocity | C42: Tube Wave Velocity | D42: Wave velocity that propagates along a steel-cased borehole | E42: double | F42: length per time
A43: =IF(ISNA(VLOOKUP(B43,AssociatedElements!B$2:B2939,1,FALSE)),"Not used","") | B43: anomaly_bouguer | C43: Bouguer Anomaly | D43: A gravity anomaly, corrected for the height at which it is measured and the attraction of terrain. The height correction alone gives a free-air gravity anomaly. | E43: double | F43: linear acceleration
A44: =IF(ISNA(VLOOKUP(B44,AssociatedElements!B$2:B2940,1,FALSE)),"Not used","") | B44: anomaly_free_air | C44: Free Air Anamoly | D44: The measured gravity anomaly after a free-air correction is applied to account for the elevation at which a measurement is made. It does so by adjusting these measurements of gravity to what would have been measured at a reference level, which is commonly taken as mean sea level or the geoid. | E44: double | F44: linear acceleration
A45: =IF(ISNA(VLOOKUP(B45,AssociatedElements!B$2:B2955,1,FALSE)),"Not used","") | B45: gravity_absolute | C45: Absolute Gravitational Field Strength | D45: The acceleration due to gravity (weight/mass) measured in absolute terms. | E45: double | F45: linear acceleration
A46: =IF(ISNA(VLOOKUP(B46,AssociatedElements!B$2:B2957,1,FALSE)),"Not used","") | B46: gravity_relative | C46: Relative Gravitational Field Strength | D46: The acceleration due to gravity (weight/mass) measured measured relative to some absolute value. | E46: double | F46: linear acceleration
A47: =IF(ISNA(VLOOKUP(B47,AssociatedElements!B$2:B2962,1,FALSE)),"Not used","") | B47: magnetic_field_gradient | C47: Magnetic Field Gradient | D47: The magnetic field gradient. | E47: double | F47: magnetic flux density per length
A48: =IF(ISNA(VLOOKUP(B48,AssociatedElements!B$2:B2943,1,FALSE)),"Not used","") | B48: bulk_density | C48: Density, Bulk (Natural) | D48: Total mass (of solids and water) divided by total volume of material, representing natural conditions | E48: double | F48: mass per volume
A49: =IF(ISNA(VLOOKUP(B49,AssociatedElements!B$2:B2948,1,FALSE)),"Not used","") | B49: dielectric_permittivity | C49: Dielectric Permittivity | D49: The ability of a medium to hold an electric charge. | E49: double | F49: permittivity
A50: =IF(ISNA(VLOOKUP(B50,AssociatedElements!B$2:B2968,1,FALSE)),"Not used","") | B50: modulus_bulk | C50: Bulk Modulus | D50: Bulk modulus, denoted by K or B, is defined as a measure of how resistant to compression a substance is. | E50: double | F50: pressure
A51: =IF(ISNA(VLOOKUP(B51,AssociatedElements!B$2:B2969,1,FALSE)),"Not used","") | B51: modulus_shear | C51: Shear Modulus | D51: Shear modulus, denoted by G, is defined as the ratio of shear stress to the shear strain. | E51: double | F51: pressure
A52: =IF(ISNA(VLOOKUP(B52,AssociatedElements!B$2:B2970,1,FALSE)),"Not used","") | B52: modulus_youngs | C52: Young's Modulus | D52: The tangent modulus of the initial, linear portion of a stress-strain curve for material in axial compression or tension is called Young's modulus, also known as the tensile (compression) modulus. It is defined as the ratio of the uniaxial stress over the uniaxial strain in the range of stress in which Hooke's Law holds. It is often calculated using theory of elasticity from other tests. | E52: double | F52: pressure
A53: =IF(ISNA(VLOOKUP(B53,AssociatedElements!B$2:B2938,1,FALSE)),"Not used","") | B53: acoustic_impedance | C53: Acoustic Impedence | D53: The resistance to the propagation of ultrasound waves through a medium. | E53: double | F53: pressure time per volume
A54: =IF(ISNA(VLOOKUP(B54,AssociatedElements!B$2:B2996,1,FALSE)),"Not used","") | B54: temperature | C54: Temperature | D54: The measure of hotness or coldness,. | E54: double | F54: thermodynamic temperature
A55: =IF(ISNA(VLOOKUP(B55,AssociatedElements!B$2:B2993,1,FALSE)),"Not used","") | B55: t1_relaxation | C55: Longitudinal (Spin-Lattice) Relaxation | D55: The time required for the z-component of M to reach (1 − 1/e) or about 63% of its maximum value (Mo). | E55: double | F55: time
A56: =IF(ISNA(VLOOKUP(B56,AssociatedElements!B$2:B2995,1,FALSE)),"Not used","") | B56: t2_relaxation | C56: Transverse (Spin-Spin) Relaxation | D56: The time required for the transverse magnetization to fall to approximately 37% (1/e) of its initial value. | E56: double | F56: time
A57: =IF(ISNA(VLOOKUP(B57,AssociatedElements!B$2:B2996,1,FALSE)),"Not used","") | B57: TWT | C57: Two-way Travel Time | D57: The total elapsed time it takes for a seismic wave or electromagnetic pulse to travel from a source (e.g., a seismic vibrator or air gun) down to a subsurface reflector or geological interface and return to a receiver (geophone or hydrophone) at the Earth's surface. | E57: double | F57: time
A58: =IF(ISNA(VLOOKUP(B58,AssociatedElements!B$2:B2996,1,FALSE)),"Not used","") | B58: TT | C58: Travel Time | D58: the total elapsed time required for seismic energy (such as P-waves or S-waves) to propagate from a source (e.g., an earthquake focus or a seismic explosion) to a receiver (seismograph or geophone). | E58: double | F58: time
A59: =IF(ISNA(VLOOKUP(B59,AssociatedElements!B$2:B3006,1,FALSE)),"Not used","") | B59: wall_time | C59: Borehole Wall Travel Time | D59: The two-way time required for a sesimic wave to travel from the source to the borehole wall | E59: double | F59: time
A60: =IF(ISNA(VLOOKUP(B60,AssociatedElements!B$2:B2945,1,FALSE)),"Not used","") | B60: compressional_slowness | C60: Compressional Slowness | D60: The time it takes for a compressional wave to traverse a fixed distance. The reciprocal of p_wave_velocity. | E60: double | F60: time per length
A61: =IF(ISNA(VLOOKUP(B61,AssociatedElements!B$2:B2988,1,FALSE)),"Not used","") | B61: shear_slowness | C61: Shear Slowness | D61: Acoustic slowness of a shear wave (Vs); reciprocal of Shear_Velocity; a shear wave is a type of seismic wave in which the particle motion is perpendicular to the direction of propagation; also called S-wave or secondary wave. | E61: double | F61: time per length
A62: =IF(ISNA(VLOOKUP(B62,AssociatedElements!B$2:B2990,1,FALSE)),"Not used","") | B62: sonic_porosity | C62: Sonic Porosity | D62: A measure of porosity (defined as the percentage of empty space within a medium) made by comparing the velocity measued by an acoustic logging tool to velocities of the soil/rock matrix and borehole fluid. | E62: double | F62: volume per volume
A63: =IF(ISNA(VLOOKUP(B63,AssociatedElements!B$2:B2941,1,FALSE)),"Not used","") | B63: attenuation | C63: Attenuation | D63: The reduction of the amplitude of a signal, electric current, or other oscillation during propagation. | E63: double
A64: =IF(ISNA(VLOOKUP(B64,AssociatedElements!B$2:B2944,1,FALSE)),"Not used","") | B64: capacitance | C64: Capacitance | D64: The measured capacitance which is the ratio of delta charge and delta potential | E64: double
A65: =IF(ISNA(VLOOKUP(B65,AssociatedElements!B$2:B2961,1,FALSE)),"Not used","") | B65: mag_permeability | C65: Magnetic Permeability | D65: The ratio of the flux density to the magnetic field strength. | E65: double
A66: =IF(ISNA(VLOOKUP(B66,AssociatedElements!B$2:B2981,1,FALSE)),"Not used","") | B66: quadrature_x | C66: X Component Of Quadrature | D66: The x component of the quadrature component (90 degrees out of phase) of transmitted EM energy. | E66: double
A67: =IF(ISNA(VLOOKUP(B67,AssociatedElements!B$2:B2982,1,FALSE)),"Not used","") | B67: quadrature_y | C67: Y Component Of Quadrature | D67: The y component of the quadrature component (90 degrees out of phase) of transmitted EM energy. | E67: double
A68: =IF(ISNA(VLOOKUP(B68,AssociatedElements!B$2:B2992,1,FALSE)),"Not used","") | B68: t1 | C68: T1 Time Constant | D68: The time constant for regrowth of longitudinal magnetization (Mz) | E68: double
A69: =IF(ISNA(VLOOKUP(B69,AssociatedElements!B$2:B2994,1,FALSE)),"Not used","") | B69: t2 | C69: T2 Time Constant | D69: The time constant for decay/dephasing of transverse magnetization (Mxy) | E69: double
A70: =IF(ISNA(VLOOKUP(B70,AssociatedElements!B$2:B3003,1,FALSE)),"Not used","") | B70: wall_image_r | C70: Image R value | D70: Borehole wall color image R pixel value | E70: integer
A71: =IF(ISNA(VLOOKUP(B71,AssociatedElements!B$2:B3004,1,FALSE)),"Not used","") | B71: wall_image_g | C71: Image G value | D71: Borehole wall color image G pixel value | E71: string
A72: =IF(ISNA(VLOOKUP(B72,AssociatedElements!B$2:B3005,1,FALSE)),"Not used","") | B72: wall_image_b | C72: Image B value | D72: Borehole wall color image B pixel value | E72: string

Sheet AssociatedElements
A1: Start | B1: ID | C1: SourceElement | D1: ConditionalElement
A2: =IF(ISNA(VLOOKUP(B2,Definitions!B$2:B$1882,1,FALSE)),"Not listed","") | B2: attenuation | C2: //diggs:Property/diggs:propertyClass | D2: ancestor::diggs:measurement//diggs:procedure/diggs_geo:WirelineLog
A3: =IF(ISNA(VLOOKUP(B3,Definitions!B$2:B$1882,1,FALSE)),"Not listed","") | B3: borehole_diameter | C3: //diggs:Property/diggs:propertyClass | D3: ancestor::diggs:measurement//diggs:procedure/diggs_geo:WirelineLog
A4: =IF(ISNA(VLOOKUP(B4,Definitions!B$2:B$1882,1,FALSE)),"Not listed","") | B4: bulk_density | C4: //diggs:Property/diggs:propertyClass | D4: ancestor::diggs:measurement//diggs:procedure/diggs_geo:WirelineLog
A5: =IF(ISNA(VLOOKUP(B5,Definitions!B$2:B$1882,1,FALSE)),"Not listed","") | B5: compressional_slowness | C5: //diggs:Property/diggs:propertyClass | D5: ancestor::diggs:measurement//diggs:procedure/diggs_geo:WirelineLog
A6: =IF(ISNA(VLOOKUP(B6,Definitions!B$2:B$1882,1,FALSE)),"Not listed","") | B6: conductivity | C6: //diggs:Property/diggs:propertyClass | D6: ancestor::diggs:measurement//diggs:procedure/diggs_geo:WirelineLog
A7: =IF(ISNA(VLOOKUP(B7,Definitions!B$2:B$1882,1,FALSE)),"Not listed","") | B7: flow_velocity | C7: //diggs:Property/diggs:propertyClass | D7: ancestor::diggs:measurement//diggs:procedure/diggs_geo:WirelineLog
A8: =IF(ISNA(VLOOKUP(B8,Definitions!B$2:B$1882,1,FALSE)),"Not listed","") | B8: gamma_ray | C8: //diggs:Property/diggs:propertyClass | D8: ancestor::diggs:measurement//diggs:procedure/diggs_geo:WirelineLog
A9: =IF(ISNA(VLOOKUP(B9,Definitions!B$2:B$1882,1,FALSE)),"Not listed","") | B9: magnetic_susceptibility | C9: //diggs:Property/diggs:propertyClass | D9: ancestor::diggs:measurement//diggs:procedure/diggs_geo:WirelineLog
A10: =IF(ISNA(VLOOKUP(B10,Definitions!B$2:B$1882,1,FALSE)),"Not listed","") | B10: p_wave_velocity | C10: //diggs:Property/diggs:propertyClass | D10: ancestor::diggs:measurement//diggs:procedure/diggs_geo:WirelineLog
A11: =IF(ISNA(VLOOKUP(B11,Definitions!B$2:B$1882,1,FALSE)),"Not listed","") | B11: poisson_ratio | C11: //diggs:Property/diggs:propertyClass | D11: ancestor::diggs:measurement//diggs:procedure/diggs_geo:WirelineLog
A12: =IF(ISNA(VLOOKUP(B12,Definitions!B$2:B$1882,1,FALSE)),"Not listed","") | B12: resistance | C12: //diggs:Property/diggs:propertyClass | D12: ancestor::diggs:measurement//diggs:procedure/diggs_geo:WirelineLog
A13: =IF(ISNA(VLOOKUP(B13,Definitions!B$2:B$1882,1,FALSE)),"Not listed","") | B13: resistivity | C13: //diggs:Property/diggs:propertyClass | D13: ancestor::diggs:measurement//diggs:procedure/diggs_geo:WirelineLog
... A148: =IF(ISNA(VLOOKUP(B148,Definitions!B$2:B$1882,1,FALSE)),"Not listed","") | B148: TT | C148: //diggs:Property/diggs:propertyClass | D148: ancestor::diggs:measurement//diggs:procedure/diggs:GeophysicalProcessing/diggs:geophysicalMethod[text()="seismic refraction"]

Sheet Lists
A1: DataType | B1: DataType2 | C1: QuantityClass | D1: Column1 | M1: (amount of substance per time) per area
B2: anyURI | C2: absorbed dose | D2: =VLOOKUP(Table6[[#This Row],[QuantityClass]],M$1:M$175,1,FALSE) -> absorbed dose | M2: (energy per mass) per time
B3: base64binary | C3: activity [of radioactivity] | D3: =VLOOKUP(Table6[[#This Row],[QuantityClass]],M$1:M$175,1,FALSE) -> activity [of radioactivity] | M3: (mass per time) per area
B4: boolean | C4: amount of substance | D4: =VLOOKUP(Table6[[#This Row],[QuantityClass]],M$1:M$175,1,FALSE) -> amount of substance | M4: (mass per time) per length
B5: byte | C5: amount of substance per amount of substance | D5: =VLOOKUP(Table6[[#This Row],[QuantityClass]],M$1:M$175,1,FALSE) -> amount of substance per amount of substance | M5: (mass per volume) per length
B6: date | C6: amount of substance per area | D6: =VLOOKUP(Table6[[#This Row],[QuantityClass]],M$1:M$175,1,FALSE) -> amount of substance per area | M6: (volume per time) length
B7: dateTime | C7: amount of substance per mass | D7: =VLOOKUP(Table6[[#This Row],[QuantityClass]],M$1:M$175,1,FALSE) -> #N/A | E7: use for cation exchange capacity | M7: (volume per time) per (pressure length)
B8: decimal | C8: amount of substance per time | D8: =VLOOKUP(Table6[[#This Row],[QuantityClass]],M$1:M$175,1,FALSE) -> amount of substance per time | M8: (volume per time) per area
B9: double | C9: (amount of substance per time) per area | D9: =VLOOKUP(Table6[[#This Row],[QuantityClass]],M$1:M$175,1,FALSE) -> (amount of substance per time) per area | M9: (volume per time) per length
B10: duration | C10: amount of substance per volume | D10: =VLOOKUP(Table6[[#This Row],[QuantityClass]],M$1:M$175,1,FALSE) -> amount of substance per volume | M10: (volume per time) per pressure
B11: float | C11: angle per length | D11: =VLOOKUP(Table6[[#This Row],[QuantityClass]],M$1:M$175,1,FALSE) -> angle per length | M11: (volume per time) per time
B12: gDay | C12: angle per volume | D12: =VLOOKUP(Table6[[#This Row],[QuantityClass]],M$1:M$175,1,FALSE) -> angle per volume | M12: (volume per time) per volume
B13: gMonth | C13: angular acceleration | D13: =VLOOKUP(Table6[[#This Row],[QuantityClass]],M$1:M$175,1,FALSE) -> angular acceleration | M13: absorbed dose
B14: gMonthDay | C14: angular velocity | D14: =VLOOKUP(Table6[[#This Row],[QuantityClass]],M$1:M$175,1,FALSE) -> angular velocity | M14: activity [of radioactivity]
B15: gYear | C15: api gamma ray | D15: =VLOOKUP(Table6[[#This Row],[QuantityClass]],M$1:M$175,1,FALSE) -> API gamma ray | M15: amount of substance
B16: gYearMonth | C16: api gravity | D16: =VLOOKUP(Table6[[#This Row],[QuantityClass]],M$1:M$175,1,FALSE) -> API gravity | M16: amount of substance per amount of substance
B17: hexBinary | C17: api neutron | D17: =VLOOKUP(Table6[[#This Row],[QuantityClass]],M$1:M$175,1,FALSE) -> API neutron | M17: amount of substance per area
B18: integer | C18: area | D18: =VLOOKUP(Table6[[#This Row],[QuantityClass]],M$1:M$175,1,FALSE) -> area | M18: amount of substance per time
B19: language | C19: area per amount of substance | D19: =VLOOKUP(Table6[[#This Row],[QuantityClass]],M$1:M$175,1,FALSE) -> area per amount of substance | M19: amount of substance per volume
B20: long | C20: area per area | D20: =VLOOKUP(Table6[[#This Row],[QuantityClass]],M$1:M$175,1,FALSE) -> area per area | M20: angle per length
B21: negativeInteger | C21: area per count | D21: =VLOOKUP(Table6[[#This Row],[QuantityClass]],M$1:M$175,1,FALSE) -> #N/A | E21: In EML schema but not in EML dictionary | M21: angle per volume
B22: nonNegativeInteger | C22: area per mass | D22: =VLOOKUP(Table6[[#This Row],[QuantityClass]],M$1:M$175,1,FALSE) -> area per mass | M22: angular acceleration
B23: nonPositiveInteger | C23: area per time | D23: =VLOOKUP(Table6[[#This Row],[QuantityClass]],M$1:M$175,1,FALSE) -> area per time | M23: angular velocity
B24: normalizedString | C24: area per volume | D24: =VLOOKUP(Table6[[#This Row],[QuantityClass]],M$1:M$175,1,FALSE) -> area per volume | M24: API gamma ray
B25: positiveInteger | C25: attenuation per frequency interval | D25: =VLOOKUP(Table6[[#This Row],[QuantityClass]],M$1:M$175,1,FALSE) -> attenuation per frequency interval | M25: API gravity
B26: short | C26: capacitance | D26: =VLOOKUP(Table6[[#This Row],[QuantityClass]],M$1:M$175,1,FALSE) -> capacitance | M26: API neutron
B27: string | C27: data transfer speed | D27: =VLOOKUP(Table6[[#This Row],[QuantityClass]],M$1:M$175,1,FALSE) -> data transfer speed | M27: area
B28: string | C28: diffusion coefficient | D28: =VLOOKUP(Table6[[#This Row],[QuantityClass]],M$1:M$175,1,FALSE) -> diffusion coefficient | M28: area per amount of substance
B29: time | C29: diffusive time of flight | D29: =VLOOKUP(Table6[[#This Row],[QuantityClass]],M$1:M$175,1,FALSE) -> #N/A | E29: In EML schema but not in EML dictionary | M29: area per area
B30: token | C30: digital storage | D30: =VLOOKUP(Table6[[#This Row],[QuantityClass]],M$1:M$175,1,FALSE) -> digital storage | M30: area per mass
B31: unsignedByte | C31: dimensionless | D31: =VLOOKUP(Table6[[#This Row],[QuantityClass]],M$1:M$175,1,FALSE) -> dimensionless | M31: area per time
B32: unsignedInt | C32: dipole moment | D32: =VLOOKUP(Table6[[#This Row],[QuantityClass]],M$1:M$175,1,FALSE) -> dipole moment | M32: area per volume
B33: unsignedLong | C33: dose equivalent | D33: =VLOOKUP(Table6[[#This Row],[QuantityClass]],M$1:M$175,1,FALSE) -> dose equivalent | M33: attenuation per frequency interval
B34: unsignedShort | C34: dynamic viscosity | D34: =VLOOKUP(Table6[[#This Row],[QuantityClass]],M$1:M$175,1,FALSE) -> dynamic viscosity | M34: capacitance
B35: vector | C35: electric charge | D35: =VLOOKUP(Table6[[#This Row],[QuantityClass]],M$1:M$175,1,FALSE) -> electric charge | M35: data transfer speed
C36: electric charge per area | D36: =VLOOKUP(Table6[[#This Row],[QuantityClass]],M$1:M$175,1,FALSE) -> electric charge per area | M36: diffusion coefficient
C37: electric charge per mass | D37: =VLOOKUP(Table6[[#This Row],[QuantityClass]],M$1:M$175,1,FALSE) -> electric charge per mass | M37: digital storage
C38: electric charge per volume | D38: =VLOOKUP(Table6[[#This Row],[QuantityClass]],M$1:M$175,1,FALSE) -> electric charge per volume | M38: dimensionless
C39: electric conductance | D39: =VLOOKUP(Table6[[#This Row],[QuantityClass]],M$1:M$175,1,FALSE) -> electric conductance | M39: dipole moment
C40: electric conductivity | D40: =VLOOKUP(Table6[[#This Row],[QuantityClass]],M$1:M$175,1,FALSE) -> electric conductivity | M40: dose equivalent
C41: electric current | D41: =VLOOKUP(Table6[[#This Row],[QuantityClass]],M$1:M$175,1,FALSE) -> electric current | M41: dynamic viscosity
C42: electric current density | D42: =VLOOKUP(Table6[[#This Row],[QuantityClass]],M$1:M$175,1,FALSE) -> electric current density | M42: electric charge
C43: electric field strength | D43: =VLOOKUP(Table6[[#This Row],[QuantityClass]],M$1:M$175,1,FALSE) -> electric field strength | M43: electric charge per area
C44: electric potential difference | D44: =VLOOKUP(Table6[[#This Row],[QuantityClass]],M$1:M$175,1,FALSE) -> electric potential difference | M44: electric charge per mass
C45: electric resistance | D45: =VLOOKUP(Table6[[#This Row],[QuantityClass]],M$1:M$175,1,FALSE) -> electric resistance | M45: electric charge per volume
C46: electric resistance per length | D46: =VLOOKUP(Table6[[#This Row],[QuantityClass]],M$1:M$175,1,FALSE) -> electric resistance per length | M46: electric conductance
C47: electrical resistivity | D47: =VLOOKUP(Table6[[#This Row],[QuantityClass]],M$1:M$175,1,FALSE) -> electrical resistivity | M47: electric conductivity
... C59: force length per length | D59: =VLOOKUP(Table6[[#This Row],[QuantityClass]],M$1:M$175,1,FALSE) -> force length per length | M59: energy per area
C60: force or mass per volume | D60: =VLOOKUP(Table6[[#This Row],[QuantityClass]],M$1:M$175,1,FALSE) -> #N/A | E60: use for geotechnical densities | M60: energy per length
C61: force per force | D61: =VLOOKUP(Table6[[#This Row],[QuantityClass]],M$1:M$175,1,FALSE) -> force per force | M61: energy per mass
C62: force per length | D62: =VLOOKUP(Table6[[#This Row],[QuantityClass]],M$1:M$175,1,FALSE) -> force per length | M62: energy per volume
C63: force per volume | D63: =VLOOKUP(Table6[[#This Row],[QuantityClass]],M$1:M$175,1,FALSE) -> force per volume | M63: force
C64: frequency | D64: =VLOOKUP(Table6[[#This Row],[QuantityClass]],M$1:M$175,1,FALSE) -> frequency | M64: force area
C65: frequency interval | D65: =VLOOKUP(Table6[[#This Row],[QuantityClass]],M$1:M$175,1,FALSE) -> frequency interval | M65: force length per length
C66: gravitational gradient | D66: =VLOOKUP(Table6[[#This Row],[QuantityClass]],M$1:M$175,1,FALSE) -> #N/A | E66: use for gravity gradients | M66: force per force
C67: heat capacity | D67: =VLOOKUP(Table6[[#This Row],[QuantityClass]],M$1:M$175,1,FALSE) -> heat capacity | M67: force per length
C68: heat flow rate | D68: =VLOOKUP(Table6[[#This Row],[QuantityClass]],M$1:M$175,1,FALSE) -> heat flow rate | M68: force per volume
C69: heat transfer coefficient | D69: =VLOOKUP(Table6[[#This Row],[QuantityClass]],M$1:M$175,1,FALSE) -> heat transfer coefficient | M69: frequency
C70: illuminance | D70: =VLOOKUP(Table6[[#This Row],[QuantityClass]],M$1:M$175,1,FALSE) -> illuminance | M70: frequency interval
C71: inductance | D71: =VLOOKUP(Table6[[#This Row],[QuantityClass]],M$1:M$175,1,FALSE) -> inductance | M71: heat capacity
C72: isothermal compressibility | D72: =VLOOKUP(Table6[[#This Row],[QuantityClass]],M$1:M$175,1,FALSE) -> isothermal compressibility | M72: heat flow rate
C73: kinematic viscosity | D73: =VLOOKUP(Table6[[#This Row],[QuantityClass]],M$1:M$175,1,FALSE) -> kinematic viscosity | M73: heat transfer coefficient
C74: length | D74: =VLOOKUP(Table6[[#This Row],[QuantityClass]],M$1:M$175,1,FALSE) -> length | M74: illuminance
C75: length per length | D75: =VLOOKUP(Table6[[#This Row],[QuantityClass]],M$1:M$175,1,FALSE) -> length per length | M75: inductance
C76: length per mass | D76: =VLOOKUP(Table6[[#This Row],[QuantityClass]],M$1:M$175,1,FALSE) -> length per mass | M76: isothermal compressibility
C77: length per pressure | D77: =VLOOKUP(Table6[[#This Row],[QuantityClass]],M$1:M$175,1,FALSE) -> length per pressure | M77: kinematic viscosity
C78: length per temperature | D78: =VLOOKUP(Table6[[#This Row],[QuantityClass]],M$1:M$175,1,FALSE) -> length per temperature | M78: length
... C107: (mass per volume) per length | D107: =VLOOKUP(Table6[[#This Row],[QuantityClass]],M$1:M$175,1,FALSE) -> (mass per volume) per length | M107: mass per time
C108: (mass per volume) per pressure | D108: =VLOOKUP(Table6[[#This Row],[QuantityClass]],M$1:M$175,1,FALSE) -> #N/A | E108: In EML schema but not in EML dictionary | M108: mass per volume
C109: (mass per volume) per temperature | D109: =VLOOKUP(Table6[[#This Row],[QuantityClass]],M$1:M$175,1,FALSE) -> #N/A | E109: In EML schema but not in EML dictionary | M109: mobility
C110: mobility | D110: =VLOOKUP(Table6[[#This Row],[QuantityClass]],M$1:M$175,1,FALSE) -> mobility | M110: molar energy
C111: molar energy | D111: =VLOOKUP(Table6[[#This Row],[QuantityClass]],M$1:M$175,1,FALSE) -> molar energy | M111: molar heat capacity
C112: molar heat capacity | D112: =VLOOKUP(Table6[[#This Row],[QuantityClass]],M$1:M$175,1,FALSE) -> molar heat capacity | M112: molar volume
C113: molar volume | D113: =VLOOKUP(Table6[[#This Row],[QuantityClass]],M$1:M$175,1,FALSE) -> molar volume | M113: molecular weight
C114: molecular weight | D114: =VLOOKUP(Table6[[#This Row],[QuantityClass]],M$1:M$175,1,FALSE) -> molecular weight | M114: moment of force
C115: moment of force | D115: =VLOOKUP(Table6[[#This Row],[QuantityClass]],M$1:M$175,1,FALSE) -> moment of force | M115: moment of inertia
C116: moment of inertia | D116: =VLOOKUP(Table6[[#This Row],[QuantityClass]],M$1:M$175,1,FALSE) -> moment of inertia | M116: momentum
C117: momentum | D117: =VLOOKUP(Table6[[#This Row],[QuantityClass]],M$1:M$175,1,FALSE) -> momentum | M117: normalized power
C118: normalized power | D118: =VLOOKUP(Table6[[#This Row],[QuantityClass]],M$1:M$175,1,FALSE) -> normalized power | M118: permeability length
C119: permeability length | D119: =VLOOKUP(Table6[[#This Row],[QuantityClass]],M$1:M$175,1,FALSE) -> permeability length | M119: permeability rock
C120: permeability rock | D120: =VLOOKUP(Table6[[#This Row],[QuantityClass]],M$1:M$175,1,FALSE) -> permeability rock | M120: permittivity
C121: permittivity | D121: =VLOOKUP(Table6[[#This Row],[QuantityClass]],M$1:M$175,1,FALSE) -> permittivity | M121: plane angle
... C128: pressure | D128: =VLOOKUP(Table6[[#This Row],[QuantityClass]],M$1:M$175,1,FALSE) -> pressure | M128: pressure per time
C129: pressure per pressure | D129: =VLOOKUP(Table6[[#This Row],[QuantityClass]],M$1:M$175,1,FALSE) -> #N/A | E129: In EML schema but not in EML dictionary | M129: pressure per volume
C130: pressure per time | D130: =VLOOKUP(Table6[[#This Row],[QuantityClass]],M$1:M$175,1,FALSE) -> pressure per time | M130: pressure squared
C131: pressure per volume | D131: =VLOOKUP(Table6[[#This Row],[QuantityClass]],M$1:M$175,1,FALSE) -> pressure per volume | M131: pressure squared per (force time per area)
C132: pressure squared | D132: =VLOOKUP(Table6[[#This Row],[QuantityClass]],M$1:M$175,1,FALSE) -> pressure squared | M132: pressure time per volume
C133: pressure squared per (force time per area) | D133: =VLOOKUP(Table6[[#This Row],[QuantityClass]],M$1:M$175,1,FALSE) -> pressure squared per (force time per area) | M133: quantity of light
C134: pressure time per volume | D134: =VLOOKUP(Table6[[#This Row],[QuantityClass]],M$1:M$175,1,FALSE) -> pressure time per volume | M134: radiance
C135: quantity of light | D135: =VLOOKUP(Table6[[#This Row],[QuantityClass]],M$1:M$175,1,FALSE) -> quantity of light | M135: radiant intensity
C136: radiance | D136: =VLOOKUP(Table6[[#This Row],[QuantityClass]],M$1:M$175,1,FALSE) -> radiance | M136: reciprocal (mass time)
C137: radiant intensity | D137: =VLOOKUP(Table6[[#This Row],[QuantityClass]],M$1:M$175,1,FALSE) -> radiant intensity | M137: reciprocal area
C138: reciprocal area | D138: =VLOOKUP(Table6[[#This Row],[QuantityClass]],M$1:M$175,1,FALSE) -> reciprocal area | M138: reciprocal electric potential difference
C139: reciprocal electric potential difference | D139: =VLOOKUP(Table6[[#This Row],[QuantityClass]],M$1:M$175,1,FALSE) -> reciprocal electric potential difference | M139: reciprocal force
C140: reciprocal force | D140: =VLOOKUP(Table6[[#This Row],[QuantityClass]],M$1:M$175,1,FALSE) -> reciprocal force | M140: reciprocal length
C141: reciprocal length | D141: =VLOOKUP(Table6[[#This Row],[QuantityClass]],M$1:M$175,1,FALSE) -> reciprocal length | M141: reciprocal mass
... C146: reciprocal volume | D146: =VLOOKUP(Table6[[#This Row],[QuantityClass]],M$1:M$175,1,FALSE) -> reciprocal volume | M146: second moment of area
C147: relative rate | D147: =VLOOKUP(Table6[[#This Row],[QuantityClass]],M$1:M$175,1,FALSE) -> #N/A | E147: use for strain rate | M147: signaling event per time
C148: reluctance | D148: =VLOOKUP(Table6[[#This Row],[QuantityClass]],M$1:M$175,1,FALSE) -> reluctance | M148: solid angle
C149: second moment of area | D149: =VLOOKUP(Table6[[#This Row],[QuantityClass]],M$1:M$175,1,FALSE) -> second moment of area | M149: specific heat capacity
...
