Workbook

Sheet DictionaryName
A1: Start | B1: Dictionary ID | C1: DictionaryFile | D1: DictionaryName | E1: Description
E2: Leave this line blank
B3: propertyClass | C3: properties | D3: DIGGS Measurement Properties | E3: This dictionary contains the values for the propertyClass property of the diggs:Property object and the measurand property of the diggs:Detector object when used within the Test and Monitor DIGGS features. These values serve to define the ultimate results of geotechnical and environmental tests and monitoring activities that result from test procedures and monitoring sensors. The Xpaths to these occurrences are: 1) //diggs:Property/diggs:propertyClass (for Test, MaterialTest or Monitor) 2)//diggs:Detector/diggs:measurand (for measurand).

Sheet Definitions
A1: Start | B1: ID | C1: Name | D1: Description | E1: DataType | F1: QuantityClass | G1: Authority | H1: Reference | I1: SLD Comment | J1: SLD Changed | K1: ValueCodeSpace
A2: =IF(ISNA(VLOOKUP(B2,AssociatedElements!B$2:B623,1,FALSE)),"Not used","") | B2: a_pressure | C2: A-Pressure | D2: The gauge gas pressure against the inside of the membrane when the center of the membrane has lifted above its support and moved laterally 0.05-mm (tolerance +0.02, -0.00 mm) into the soil surrounding the blade. | E2: double | F2: pressure
A3: =IF(ISNA(VLOOKUP(B3,AssociatedElements!B$2:B624,1,FALSE)),"Not used","") | B3: aashto_group_index | C3: AASHTO Group Index | D3: The value of the AASHTO group index (GI) as defined by: GI= (F–35)[0.2+0.005(LL– 40)}+(F–15)(PI–10) where F is the percentage passing the 75 μm (0.075 mm) sieve, expressed as a whole number, LL is the liquid limit and PI is the plasticity index. | E3: string
A4: =IF(ISNA(VLOOKUP(B4,AssociatedElements!B$2:B625,1,FALSE)),"Not used","") | B4: aashto_symbol | C4: AASHTO Symbol | D4: The group or appropriate subgroup classification as defined by AASHTO M145-91 | E4: string
A5: =IF(ISNA(VLOOKUP(B5,AssociatedElements!B$2:B626,1,FALSE)),"Not used","") | B5: aggregate_abrasion_value | C5: Aggregate Abrasion Value | D5: A measure of the resistance of aggregate to surface wear by abrasion. | E5: double
A6: =IF(ISNA(VLOOKUP(B6,AssociatedElements!B$2:B627,1,FALSE)),"Not used","") | B6: aggregate_crushing_value | C6: Aggregate Crushing Value | D6: A relative measure of the resistance of an aggregate to crushing under a gradually applied compressive load. | E6: double
A7: =IF(ISNA(VLOOKUP(B7,AssociatedElements!B$2:B628,1,FALSE)),"Not used","") | B7: aggregate_elongation_index | C7: Aggregate Elongation Index | D7: The ratio, (by mass) of particles whose greatest dimension (length) is 1.8 times their mean dimension to the total mass of the sample. | E7: double
A8: =IF(ISNA(VLOOKUP(B8,AssociatedElements!B$2:B629,1,FALSE)),"Not used","") | B8: aggregate_flakiness_index | C8: Aggregate Flakiness Index | D8: Percentage (by mass) of aggregate particles whose least dimension is less than 0.6 times their mean size, to the total sample mass. | E8: double | F8: mass per mass | J8: x
A9: =IF(ISNA(VLOOKUP(B9,AssociatedElements!B$2:B630,1,FALSE)),"Not used","") | B9: aggregate_impact_value | C9: Aggregate Impact Value | D9: The resistance to impact of aggregates and is measured as the fraction of aggregates passing to the total mass of the sample. | E9: double | F9: mass per mass | J9: x
A10: =IF(ISNA(VLOOKUP(B10,AssociatedElements!B$2:B631,1,FALSE)),"Not used","") | B10: aggregate_LA_abrasion_loss | C10: Aggregate Los Angeles Abrasion Loss | D10: The actual measured loss (difference between the original mass and the final mass of the test sample), expressed as a percentage of the original mass of the test sample. | E10: double | F10: mass per mass | J10: x
A11: =IF(ISNA(VLOOKUP(B11,AssociatedElements!B$2:B632,1,FALSE)),"Not used","") | B11: aggregate_la_coefficient | C11: Aggregate Los Angeles Coefficient | D11: The loss (difference between the original weight and the final weight of the test sample), expressed as an integer. | E11: integer
A12: =IF(ISNA(VLOOKUP(B12,AssociatedElements!B$2:B633,1,FALSE)),"Not used","") | B12: aggregate_la_wear_ratio | C12: Aggregate Los Angeles Wear Ratio | D12: The actual measured loss (difference between the original mass and the final mass of the test sample), expressed as an integer ratio of the original mass of the test sample. | E12: integer
A13: =IF(ISNA(VLOOKUP(B13,AssociatedElements!B$2:B634,1,FALSE)),"Not used","") | B13: aggregate_polished_stone_value | C13: Aggregate Polished Stone Value | D13: A measure of the resistance of an aggregate to polishing. | E13: integer
A14: =IF(ISNA(VLOOKUP(B14,AssociatedElements!B$2:B635,1,FALSE)),"Not used","") | B14: aggregate_soundness_value | C14: Aggregate Soundness Value | D14: The amount of mass ost by degradation as determined by sieving and weighing the samples after the test cycles. | E14: double | F14: mass per mass | J14: x
A15: =IF(ISNA(VLOOKUP(B15,AssociatedElements!B$2:B636,1,FALSE)),"Not used","") | B15: aggregate_water_absorption | C15: Aggregate Water Absorption | D15: A water content value that gives an idea of strength of aggregate. Aggregates having more water absorption are more porous in nature and are generally considered unsuitable unless they are found to be acceptable based on strength, impact, and hardness tests. | E15: double | F15: mass per mass | J15: x
A16: =IF(ISNA(VLOOKUP(B16,AssociatedElements!B$2:B637,1,FALSE)),"Not used","") | B16: b_pressure | C16: B-Pressure | D16: The gauge gas pressure against the inside of the membrane when the center of the membrane has lifted above its support and moved laterally 1.10-mm (60.03 mm) into the soil surrounding the blade. | E16: double | F16: pressure
A17: =IF(ISNA(VLOOKUP(B17,AssociatedElements!B$2:B638,1,FALSE)),"Not used","") | B17: bleed | C17: Bleed | D17: The volume of clear water in a grout cylinder resulting from grout sedimentation, reported as a percentage of initial total column height. | E17: double | F17: length per length
A18: =IF(ISNA(VLOOKUP(B18,AssociatedElements!B$2:B639,1,FALSE)),"Not used","") | B18: blow_count | C18: Blow Count | D18: The number of blows of a hammer that drives a tool into the earth for a particular distance. The distance should correspond to the difference between the associated top and bottom positions recorded in the location property of the test, or be specified in the pen_increment property associated with a point location. | E18: integer | F18: dimensionless
A19: =IF(ISNA(VLOOKUP(B19,AssociatedElements!B$2:B640,1,FALSE)),"Not used","") | B19: bulk_density | C19: Density, Bulk (Natural) | D19: Total weight (of solids and water) divided by total volume of material, representing natural conditions. This is technically a unit weight not a density, but it is using the industry standard terminology assuming earth gravity. Value can also be reported in true density units (mass/volume) | E19: double | F19: force or mass per volume
A20: =IF(ISNA(VLOOKUP(B20,AssociatedElements!B$2:B641,1,FALSE)),"Not used","") | B20: c_pressure | C20: C-Pressure | D20: The gauge gas pressure against the inside of the membrane when the center of the membrane returns to the A-pressure position during a controlled, gradual deflation following the B-pressure. | E20: double | F20: pressure
A21: =IF(ISNA(VLOOKUP(B21,AssociatedElements!B$2:B642,1,FALSE)),"Not used","") | B21: cbr_0.1 | C21: Corrected Cbr At 0.100 in Penetration | D21: California Bearing Ratio is the ratio, expressed as a percentage, of the measured pressure for site soils at a penetration of 0.100 in divided by pressure to achieve equal penetration on a standard soil. | E21: double | F21: pressure per pressure
A22: =IF(ISNA(VLOOKUP(B22,AssociatedElements!B$2:B643,1,FALSE)),"Not used","") | B22: cbr_0.2 | C22: Corrected Cbr At 0.200 In Penetration | D22: California Bearing Ratio is the ratio, expressed as a percentage, of the measured pressure for site soils at a penetration of 0.200 in divided by pressure to achieve equal penetration on a standard soil. | E22: double | F22: pressure per pressure
A23: =IF(ISNA(VLOOKUP(B23,AssociatedElements!B$2:B644,1,FALSE)),"Not used","") | B23: chalk_crushing_value | C23: Chalk Crushing Value | D23: The Chalk Crushing Value is determined by using the chalk impact crushing test, which measures the rate at which a sample of chalk lumps crushes under impacts from a freefalling rammer. The chalk crushing value can be used, together with the saturation moisture content of the intact chalk lumps, to classify chalk in relation to its behavior as a freshly placed fill material. The test procedure is described for a single sample of chalk lumps, but normal procedure should be to calculate the mean value derived from six such tests on representative samples. | E23: double
A24: =IF(ISNA(VLOOKUP(B24,AssociatedElements!B$2:B645,1,FALSE)),"Not used","") | B24: chloride_content | C24: Chloride Content | D24: Chloride content of soil or groundwater by laboratory testing (corrosivity series). USE THIS ENTRY WHEN THE SOURCE DOES NOT STATE THE EXTRACTION BASIS - the case for the Jazera project record (GBL-24136), which reports a chloride content as a percentage without saying whether it is water- or acid-soluble. Where the basis IS known, prefer chloride_water_soluble or chloride_acid_soluble instead. | E24: double | F24: mass per mass
A25: =IF(ISNA(VLOOKUP(B25,AssociatedElements!B$2:B646,1,FALSE)),"Not used","") | B25: clay_percent_2_micron | C25: Clay Fraction < 2 Micron | D25: Represents the total amount of clay sized particles (<2 microns) in a test samples, expressed as a percentage by mass, to the total sample | E25: double | F25: mass per mass | J25: x
A26: =IF(ISNA(VLOOKUP(B26,AssociatedElements!B$2:B647,1,FALSE)),"Not used","") | B26: clay_percent_5_micron | C26: Clay Fraction < 5 Micron | D26: Represents the total amount of clay sized particles (<5 microns) in a test samples, expressed as a percentage by mass, to the total sample | E26: double | F26: mass per mass | J26: x
A27: =IF(ISNA(VLOOKUP(B27,AssociatedElements!B$2:B648,1,FALSE)),"Not used","") | B27: coef_consolidation_horiz | C27: Coefficient of Horizontal Consolidation (Ch) | D27: The horizontal coefficient of consolidation as derived from the dissipation test data from a cone penetration or dilatometer test. | E27: double | F27: area per time
A28: =IF(ISNA(VLOOKUP(B28,AssociatedElements!B$2:B649,1,FALSE)),"Not used","") | B28: coef_consolidation_vertical | C28: Coefficient of Vertical Consolidation(Cv) | D28: The vertical coefficient of consolidation as derived from a one-dimensional consolidation test in the lab. | E28: double | F28: area per time
A29: =IF(ISNA(VLOOKUP(B29,AssociatedElements!B$2:B650,1,FALSE)),"Not used","") | B29: coef_curvature | C29: Coefficient of Curvature | D29: A coefficient describing the degree of curvature of the grain size distribution. Defined as (d30)^2/((d60)*(d10)) | E29: double
A30: =IF(ISNA(VLOOKUP(B30,AssociatedElements!B$2:B651,1,FALSE)),"Not used","") | B30: coef_earth_pressure | C30: Coefficient of Earth Pressure, In Situ | D30: The ratio of horizontal earth pressure to vertical pressure for a sample in the field. | E30: double
A31: =IF(ISNA(VLOOKUP(B31,AssociatedElements!B$2:B652,1,FALSE)),"Not used","") | B31: coef_permeability | C31: Coefficient of Permeability | D31: The rate at which water flows through a soil is proportional to the hydraulic gradient and is expressed by Darcy's Law. Also known as the hydraulic conductivity. For lab tests, an average of measured values over several permeation trials. | E31: double | F31: length per time
A32: =IF(ISNA(VLOOKUP(B32,AssociatedElements!B$2:B653,1,FALSE)),"Not used","") | B32: coef_permeability_corrected | C32: Coefficient of Permeability, Corrected | D32: Coefficient of permeability, corrected to 20 degrees C. | E32: double | F32: length per time
A33: =IF(ISNA(VLOOKUP(B33,AssociatedElements!B$2:B654,1,FALSE)),"Not used","") | B33: coef_permeability_horiz | C33: Horizontal Coefficient of Permeability | D33: Coefficient of permeability, measuring rate of horizontal flow | E33: double | F33: length per time
A34: =IF(ISNA(VLOOKUP(B34,AssociatedElements!B$2:B655,1,FALSE)),"Not used","") | B34: coef_permeability_vert | C34: Vertical Coefficient of Permeability | D34: Coefficient of permeability, measuring rate of vertical flow | E34: double | F34: length per time
A35: =IF(ISNA(VLOOKUP(B35,AssociatedElements!B$2:B656,1,FALSE)),"Not used","") | B35: coef_uniformity | C35: Coefficient of Uniformity | D35: The ratio of D60/D10 | E35: double
A36: =IF(ISNA(VLOOKUP(B36,AssociatedElements!B$2:B657,1,FALSE)),"Not used","") | B36: cohesion_peak | C36: Peak Cohesion | D36: Shear resistance at zero normal stress ?the portion of the shear strength of a soil indicated by the term c, in Coulomb's equation | E36: double | F36: pressure
A37: =IF(ISNA(VLOOKUP(B37,AssociatedElements!B$2:B658,1,FALSE)),"Not used","") | B37: cohesion_residual | C37: Residual Cohesion | D37: Shear resistance at zero normal stress at the residual (or large deformation) strength. | E37: double | F37: pressure
A38: =IF(ISNA(VLOOKUP(B38,AssociatedElements!B$2:B659,1,FALSE)),"Not used","") | B38: colloid_percent | C38: Colloid Fraction | D38: represents the total amount of <1 micron size particles in a test sample, as a percentage of the total sample mass | E38: double | F38: mass per mass | J38: x
A39: =IF(ISNA(VLOOKUP(B39,AssociatedElements!B$2:B660,1,FALSE)),"Not used","") | B39: compression_index | C39: Compression Index | D39: Result from a Consolidation Test. This test is performed to determine the magnitude and rate of void ratio change for a laterally confined soil specimen that is subjected to different vertical pressures. From the measured data, the consolidation curve (pressure-void ratio relationship) can be plotted. This specific value is used for a specific portion of the log vertical pressure - void ratio curve to signify virgin compression. The one-dimension consolidation curve can be used to determine other values (e.g., the recompression index (slope of recompression curve) and the preconsolidation pressure (or maximum past pressure) of the soil). | E39: double
A40: =IF(ISNA(VLOOKUP(B40,AssociatedElements!B$2:B661,1,FALSE)),"Not used","") | B40: compressive_strength_unconfined | C40: Unconfined Compressive Strength | D40: Result of axial compression test using unconfined compression | E40: double | F40: pressure
A41: =IF(ISNA(VLOOKUP(B41,AssociatedElements!B$2:B662,1,FALSE)),"Not used","") | B41: conductivity | C41: Conductivity | D41: A measure of the conductive power of a specified material to the flow of an electric current. | E41: double | F41: electric conductivity
A42: =IF(ISNA(VLOOKUP(B42,AssociatedElements!B$2:B663,1,FALSE)),"Not used","") | B42: consistency_index | C42: Consistency Index | D42: The consistency index (CI) indicates the consistency (firmness) of a soil. It is calculated as CI = (LL-W)/(LL-PL), where W is the natural water content. Soil at the liquid limit will have a consistency index of 0, while soil at the plastic limit will have a consistency index of 1. | E42: integer
A43: =IF(ISNA(VLOOKUP(B43,AssociatedElements!B$2:B664,1,FALSE)),"Not used","") | B43: constrained_vert_modulus | C43: Constrained Modulus, Vertical, Drained | D43: Measure of slope of stress-strain curve when specimen is confined. Usually the result from a 1-D consolidation test. | E43: double | F43: pressure
A44: =IF(ISNA(VLOOKUP(B44,AssociatedElements!B$2:B665,1,FALSE)),"Not used","") | B44: d10 | C44: d10 | D44: The particle diameter at which 10% of the particles in a soil or granular material sample are finer by weight. | E44: double | F44: length
A45: =IF(ISNA(VLOOKUP(B45,AssociatedElements!B$2:B666,1,FALSE)),"Not used","") | B45: d15 | C45: d15 | D45: The particle diameter at which 15% of the particles in a soil or granular material sample are finer by weight. | E45: double | F45: length
A46: =IF(ISNA(VLOOKUP(B46,AssociatedElements!B$2:B667,1,FALSE)),"Not used","") | B46: d30 | C46: d30 | D46: The particle diameter at which 30% of the particles in a soil or granular material sample are finer by weight. | E46: double | F46: length
A47: =IF(ISNA(VLOOKUP(B47,AssociatedElements!B$2:B668,1,FALSE)),"Not used","") | B47: d50 | C47: d50 | D47: The particle diameter at which 50% of the particles in a soil or granular material sample are finer by weight. | E47: double | F47: length
A48: =IF(ISNA(VLOOKUP(B48,AssociatedElements!B$2:B669,1,FALSE)),"Not used","") | B48: d60 | C48: d60 | D48: The particle diameter at which 60% of the particles in a soil or granular material sample are finer by weight. | E48: double | F48: length
A49: =IF(ISNA(VLOOKUP(B49,AssociatedElements!B$2:B670,1,FALSE)),"Not used","") | B49: d85 | C49: d85 | D49: The particle diameter at which 85% of the particles in a soil or granular material sample are finer by weight. | E49: double | F49: length
A50: =IF(ISNA(VLOOKUP(B50,AssociatedElements!B$2:B671,1,FALSE)),"Not used","") | B50: degree_of_saturation | C50: Degree of Saturation | D50: Volume of water divided by the volume of voids, expressed as a unitless ratio. | E50: double | J50: x
A51: =IF(ISNA(VLOOKUP(B51,AssociatedElements!B$2:B672,1,FALSE)),"Not used","") | B51: delay | C51: Delay Time | D51: Duration of delay before the start of a penetration increment | E51: double | F51: time
A52: =IF(ISNA(VLOOKUP(B52,AssociatedElements!B$2:B673,1,FALSE)),"Not used","") | B52: depth | C52: Depth | D52: Measured depth of the drill bit from the borehole centerline origin at time of measurement | E52: double | F52: length
A53: =IF(ISNA(VLOOKUP(B53,AssociatedElements!B$2:B674,1,FALSE)),"Not used","") | B53: dilation_angle | C53: Dilation Angle | D53: The diffrence between the observed friction angle of a soil during dilation and the friction angle at zero dilation | E53: double | F53: plane angle
A54: =IF(ISNA(VLOOKUP(B54,AssociatedElements!B$2:B675,1,FALSE)),"Not used","") | B54: dilatometer_modulus | C54: Dilatometer Modulus (Ed) | D54: Dilatometer modulus (Ed), based on linear elastic theory, and the primary index used in the correlation for the constrained and Young's moduli. | E54: double | J54: x
A55: =IF(ISNA(VLOOKUP(B55,AssociatedElements!B$2:B676,1,FALSE)),"Not used","") | B55: dmt_tip_bearing | C55: Dilatometer Tip Bearing | D55: DMT tip bearing (qD) is the axial thrust force at the end of a dilatometer blade divided by the projected cross-sectional area of the blade normal to the penetration. The DMT tip bearing is similar to the cone resistance, qc and may be used to evaluate stratigraphy. In cohesionless soils, qD and eD may be used to estimate the friction angle, overconsolidation ratio and at rest coefficient of earth pressure. | E55: double | F55: pressure
A56: =IF(ISNA(VLOOKUP(B56,AssociatedElements!B$2:B677,1,FALSE)),"Not used","") | B56: dry_density | C56: Density, Dry | D56: Weight or mass of solids divided by total volume. This is technically a unit weight not a density, the value can also be reported in true density units. | E56: double | F56: force or mass per volume
A57: =IF(ISNA(VLOOKUP(B57,AssociatedElements!B$2:B678,1,FALSE)),"Not used","") | B57: dry_density_max | C57: Maximum Dry Density | D57: This is a result of a compaction test. It is defined as the maximum dry density that is measured when a specific type and amount of energy is used for the compaction test. This is also the value of the compacted dry density when the soil is at the optimum moisture content. This is technically a unit weight not a density, but ithe value can also be reported in true density units. | E57: double | F57: force or mass per volume
A58: =IF(ISNA(VLOOKUP(B58,AssociatedElements!B$2:B679,1,FALSE)),"Not used","") | B58: effective_stress_vertical | C58: Vertical Effective Stress | D58: Vertical effective stress at the center of the membrane before the insertion of the DMT blade. | E58: double | F58: pressure
A59: =IF(ISNA(VLOOKUP(B59,AssociatedElements!B$2:B680,1,FALSE)),"Not used","") | B59: elapsed_time | C59: Elapsed Time | D59: Amount of time since start of a measurement | E59: double | F59: time
A60: =IF(ISNA(VLOOKUP(B60,AssociatedElements!B$2:B681,1,FALSE)),"Not used","") | B60: filtrate_volume | C60: Filtrate Volume | D60: Volume of filtrate extruded in Pressure Filtration test | E60: double | F60: volume per volume
A61: =IF(ISNA(VLOOKUP(B61,AssociatedElements!B$2:B682,1,FALSE)),"Not used","") | B61: flame_ionization_measurement | C61: Flame Ionization Measurement | D61: Flame Ionization Detector Test detects total concentrations of organic gases and vapors. Gases and vapors are ionized in a flame; a current is produced in proportion to the number of carbon atoms present. Reported result can be in various units of measure, depending upon specific equipment used. | E61: double
A62: =IF(ISNA(VLOOKUP(B62,AssociatedElements!B$2:B683,1,FALSE)),"Not used","") | B62: flow_cone_time | C62: Flow Cone Time | D62: Time for grout specimen to exit flow cone | E62: double | F62: time
A63: =IF(ISNA(VLOOKUP(B63,AssociatedElements!B$2:B684,1,FALSE)),"Not used","") | B63: flow_mass_rate | C63: Mass Flow Rate | D63: The rate of fluid flow, measuredd as mass/time | E63: double | F63: mass per time
A64: =IF(ISNA(VLOOKUP(B64,AssociatedElements!B$2:B685,1,FALSE)),"Not used","") | B64: flow_volume_rate | C64: Volume Flow Rate | D64: The rate of fluid flow, measuredd as volume/time | E64: double | F64: volume per time
A65: =IF(ISNA(VLOOKUP(B65,AssociatedElements!B$2:B686,1,FALSE)),"Not used","") | B65: friction_angle_cv | C65: Critical State Friction Angle | D65: Angle of friction at constant volume | E65: double | F65: plane angle
A66: =IF(ISNA(VLOOKUP(B66,AssociatedElements!B$2:B687,1,FALSE)),"Not used","") | B66: friction_angle_peak | C66: Peak Angle of Internal Friction | D66: Measure of frictional resistance of soil. Ratio of shear strength to normal stress. | E66: double | F66: plane angle
A67: =IF(ISNA(VLOOKUP(B67,AssociatedElements!B$2:B688,1,FALSE)),"Not used","") | B67: friction_angle_residual | C67: Residual Angle of Internal Friction | D67: Angle between the axis of normal stress and the tangent to the Mohr envelope at a point representing the failure-stress condition following large deformation | E67: double | F67: plane angle
A68: =IF(ISNA(VLOOKUP(B68,AssociatedElements!B$2:B689,1,FALSE)),"Not used","") | B68: friction_ratio | C68: Friction Ratio | D68: ratio of sleeve resistance to tip resistance | E68: double | F68: dimensionless
A69: =IF(ISNA(VLOOKUP(B69,AssociatedElements!B$2:B690,1,FALSE)),"Not used","") | B69: frost_heave | C69: Frost Heave | D69: Test establishes the degree of frost-susceptibility of unbound sub-base and base materials for pavements. | E69: double | F69: length
A70: =IF(ISNA(VLOOKUP(B70,AssociatedElements!B$2:B691,1,FALSE)),"Not used","") | B70: gauge_pressure | C70: Gauge Pressure | D70: Pressure measured with a gauge | E70: double | F70: pressure
A71: =IF(ISNA(VLOOKUP(B71,AssociatedElements!B$2:B692,1,FALSE)),"Not used","") | B71: gel_time | C71: Gel Time | D71: The time it takes for a chemical grout to gel. If determined by rotational viscometer, this is the value where viscosity reaches 100 mpa*s. | E71: double | F71: time
A72: =IF(ISNA(VLOOKUP(B72,AssociatedElements!B$2:B693,1,FALSE)),"Not used","") | B72: HFFD | C72: HFFD | D72: Heavy fuel fluorescence detector value measured by sensor | E72: double | F72: electric potential difference
A73: =IF(ISNA(VLOOKUP(B73,AssociatedElements!B$2:B694,1,FALSE)),"Not used","") | B73: horiz_stress_index | C73: Horizontal Stress Index (Kd) | D73: The dimensionless dilatometer horizontal stress index, the primary index used in the correlation for in-situ horizontal stress, overconsolidation ratio, and undrained shear strength in cohesive soils. KD is similar to the at-rest coefficient of earth pressure except that it includes blade penetration effects. | E73: double | F73: dimensionless
... A81: =IF(ISNA(VLOOKUP(B81,AssociatedElements!B$2:B702,1,FALSE)),"Not used","") | B81: limit_pressure | C81: Limit Pressure | D81: The pressure at failure during a Pressuremeter test | E81: double | F81: pressure
A82: =IF(ISNA(VLOOKUP(B82,AssociatedElements!B$2:B703,1,FALSE)),"Not used","") | B82: line_loss_coeff_A | C82: Line Loss Coefficient A | D82: Coefficient A computed for line loss regression equation Ax^2 + Bx + C | E82: double
A83: =IF(ISNA(VLOOKUP(B83,AssociatedElements!B$2:B704,1,FALSE)),"Not used","") | B83: line_loss_coeff_B | C83: Line Loss Coefficient B | D83: Coefficient B computed for line loss regression equation Ax^2 + Bx + C | E83: double
A84: =IF(ISNA(VLOOKUP(B84,AssociatedElements!B$2:B705,1,FALSE)),"Not used","") | B84: line_loss_coeff_C | C84: Line Loss Coefficient C | D84: Coefficient C computed for line loss regression equation Ax^2 + Bx + C | E84: double
A85: =IF(ISNA(VLOOKUP(B85,AssociatedElements!B$2:B706,1,FALSE)),"Not used","") | B85: line_loss_r2 | C85: Line Loss R2 | D85: The correlation coefficient of the line loss regression equation | E85: double
A86: =IF(ISNA(VLOOKUP(B86,AssociatedElements!B$2:B707,1,FALSE)),"Not used","") | B86: liquid_limit | C86: Liquid Limit | D86: The liquid limit (LL) is the water content at which a soil changes from plastic to liquid behavior. | E86: integer
A87: =IF(ISNA(VLOOKUP(B87,AssociatedElements!B$2:B708,1,FALSE)),"Not used","") | B87: liquid_limit_oven_dried | C87: Oven Dried Liquid Limit | D87: Liquid limit determined if sample required oven drying before test | E87: integer
A88: =IF(ISNA(VLOOKUP(B88,AssociatedElements!B$2:B709,1,FALSE)),"Not used","") | B88: liquidity_index | C88: Liquidity Index | D88: The liquidity index (LI) is used for scaling the natural water content of a soil sample to the limits. It can be calculated as a ratio of difference between natural water content, plastic limit, and liquid limit: LI=(W-PL)/(LL-PL) where W is the natural water content. | E88: double
A89: =IF(ISNA(VLOOKUP(B89,AssociatedElements!B$2:B710,1,FALSE)),"Not used","") | B89: LOI | C89: Organic Content of Soil | D89: The amount of organic matter in a soil that derives from peat, organic muck, plant material such as wood, roots, grass, or carbonaceous materials such as lignite, coal, etc. | E89: double | F89: mass per mass | J89: x
A90: =IF(ISNA(VLOOKUP(B90,AssociatedElements!B$2:B711,1,FALSE)),"Not used","") | B90: lugeon_value | C90: Lugeon Value | D90: A unit devised to quantify the water permeability of bedrock and the hydraulic conductivity resulting from fractures. It is defined as the amount of water (in liters) that can be absorbed by a 1-meter length of a borehole per minute, at an over-pressure of 1 MPa (10 bar). | E90: double | F90: area per time
A91: =IF(ISNA(VLOOKUP(B91,AssociatedElements!B$2:B712,1,FALSE)),"Not used","") | B91: marsh_funnel_time | C91: Marsh Funnel Time | D91: Time for grout speciment to exit marsh funnel | E91: double | F91: time
A92: =IF(ISNA(VLOOKUP(B92,AssociatedElements!B$2:B713,1,FALSE)),"Not used","") | B92: mass | C92: Mass | D92: The mass of material observed | E92: double | F92: mass
A93: =IF(ISNA(VLOOKUP(B93,AssociatedElements!B$2:B714,1,FALSE)),"Not used","") | B93: mass_loss | C93: Mass Loss | D93: The amount of mass reduced between observation steps | E93: double | F93: mass
A94: =IF(ISNA(VLOOKUP(B94,AssociatedElements!B$2:B715,1,FALSE)),"Not used","") | B94: material_index | C94: Material Index s | D94: Unitless dilatometer material index, used to identify soil type and delineate stratigraphy. | E94: double
A95: =IF(ISNA(VLOOKUP(B95,AssociatedElements!B$2:B716,1,FALSE)),"Not used","") | B95: mcv | C95: Moisture Condition Value | D95: The Moisture Condition Value (MCV) is determined from a moisture condition test, a physical test indicating how much compactive effort is needed to compact a sample of soil at a particular moisture content. | E95: double
A96: =IF(ISNA(VLOOKUP(B96,AssociatedElements!B$2:B717,1,FALSE)),"Not used","") | B96: mean_micro_deval_dry | C96: Mean Micro Deval Value, dry | D96: A measure of mass loss in dry aggregate | E96: double
A97: =IF(ISNA(VLOOKUP(B97,AssociatedElements!B$2:B718,1,FALSE)),"Not used","") | B97: mean_micro_deval_wet | C97: Mean Micro Deval Value, wet | D97: A measure of mass loss in wet aggregate | E97: double
A98: =IF(ISNA(VLOOKUP(B98,AssociatedElements!B$2:B719,1,FALSE)),"Not used","") | B98: menard_modulus | C98: Menard Modulus (E_M) | D98: The pressuremeter modulus (E_M), a measure of soil deformability derived from the pseudo-elastic phase of the initial expansion curve of a Menard-type (prebored) pressuremeter test, per the test standard's prescribed interpretation. Distinct from the trial-level shearModulus (Gur), the unload/reload modulus derived from self-boring/cyclic pressuremeter interpretation over a different portion of the loading history; the two are related by a soil-dependent rheological factor, not an identity. | E98: double | F98: pressure
A99: =IF(ISNA(VLOOKUP(B99,AssociatedElements!B$2:B720,1,FALSE)),"Not used","") | B99: modulus_shear | C99: Shear Modulus | D99: Shear modulus, denoted by G, is defined as the ratio of shear stress to the shear strain. | E99: double | F99: pressure
A100: =IF(ISNA(VLOOKUP(B100,AssociatedElements!B$2:B721,1,FALSE)),"Not used","") | B100: modulus_youngs | C100: Young's Modulus | D100: The tangent modulus of the initial, linear portion of a stress-strain curve for material in axial compression or tension is called Young's modulus, also known as the tensile (compression) modulus. It is defined as the ratio of the uniaxial stress over the uniaxial strain in the range of stress in which Hooke' Law holds. It is often calculated using theory of elasticity from other tests. | E100: double | F100: pressure
A101: =IF(ISNA(VLOOKUP(B101,AssociatedElements!B$2:B722,1,FALSE)),"Not used","") | B101: mud_balance_density | C101: Mud Balance Density | D101: Grout or mud density determined using a mud balance. While called a density, measurement is a force (weight) / voume but can also report this value in true density units (mass/volume) | E101: double | F101: force or mass per volume
A102: =IF(ISNA(VLOOKUP(B102,AssociatedElements!B$2:B723,1,FALSE)),"Not used","") | B102: n_value | C102: N-Value (Raw) | D102: Value from Standard Penetration Test (SPT) to define advancement in terms of blows required to drive a specific sampler I foot into the soil using a hammer that provides a specific impact energy. | E102: integer
A103: =IF(ISNA(VLOOKUP(B103,AssociatedElements!B$2:B724,1,FALSE)),"Not used","") | B103: n1_60 | C103: N1,60 | D103: Calculated value that corrects the value of the Standard Penetration Blow Count (N), to account for energy of the hammer (specifically normalized to 60% energy) and specific overburden conditions (specifically to an overburden stress of 1 ton per square foot). | E103: integer
A104: =IF(ISNA(VLOOKUP(B104,AssociatedElements!B$2:B725,1,FALSE)),"Not used","") | B104: n60 | C104: N60 | D104: Calculated value that corrects the value of the Standard Penetration Blow Count (N-value), to account for energy of the hammer (specifically normalized to 60% energy). | E104: integer
A105: =IF(ISNA(VLOOKUP(B105,AssociatedElements!B$2:B726,1,FALSE)),"Not used","") | B105: non_plastic | C105: Non Plastic | D105: A value of true for this property indiates that no plastic limit can be . In such cases the value of the plastic limit should be left empty or set to the null value, and the value of non_plastic set to true. | E105: boolean
A106: =IF(ISNA(VLOOKUP(B106,AssociatedElements!B$2:B727,1,FALSE)),"Not used","") | B106: ocr | C106: Overconsolidation Ratio | D106: A calculation that reflects the maximum past consolidation that the in situ soil has been subjected to compared to the current vertical overburden stress on the sample in the field. This value is usually measured from the one-dimensional consolidation tests. Often referenced as the parameter to track the stress history. | E106: double
A107: =IF(ISNA(VLOOKUP(B107,AssociatedElements!B$2:B728,1,FALSE)),"Not used","") | B107: p_wave_velocity | C107: Primary Compression Wave Velocity | D107: The velocity of a p-wave (Vp). P-waves (primary waves) are compressional waves that are longitudinal in nature. | E107: double | F107: length per time
...

Sheet AssociatedElements
A1: Start | B1: ID | C1: SourceElement | D1: ConditionalElement
A2: =IF(ISNA(VLOOKUP(B2,Definitions!B$2:B$1604,1,FALSE)),"Not listed","") | B2: a_pressure | C2: //diggs:propertyClass | D2: ancestor::diggs:measurement//diggs:procedure/diggs:FlatPlateDilatometerTest
A3: =IF(ISNA(VLOOKUP(B3,Definitions!B$2:B$1604,1,FALSE)),"Not listed","") | B3: aashto_group_index | C3: //diggs:propertyClass | D3: ancestor::diggs:measurement//diggs:procedure/diggs:ParticleSizeTest
A4: =IF(ISNA(VLOOKUP(B4,Definitions!B$2:B$1604,1,FALSE)),"Not listed","") | B4: aashto_symbol | C4: //diggs:propertyClass | D4: ancestor::diggs:measurement//diggs:procedure/diggs:ParticleSizeTest
A5: =IF(ISNA(VLOOKUP(B5,Definitions!B$2:B$1604,1,FALSE)),"Not listed","") | B5: aggregate_abrasion_value | C5: //diggs:propertyClass | D5: ancestor::diggs:measurement//diggs:procedure/diggs:AggregateAbrasionValueTest
A6: =IF(ISNA(VLOOKUP(B6,Definitions!B$2:B$1604,1,FALSE)),"Not listed","") | B6: aggregate_crushing_value | C6: //diggs:propertyClass | D6: ancestor::diggs:measurement//diggs:procedure/diggs:AggregateCrushingValueTest
A7: =IF(ISNA(VLOOKUP(B7,Definitions!B$2:B$1604,1,FALSE)),"Not listed","") | B7: aggregate_elongation_index | C7: //diggs:propertyClass | D7: ancestor::diggs:measurement//diggs:procedure/diggs:AggregateElongationIndexTest
A8: =IF(ISNA(VLOOKUP(B8,Definitions!B$2:B$1604,1,FALSE)),"Not listed","") | B8: aggregate_flakiness_index | C8: //diggs:propertyClass | D8: ancestor::diggs:measurement//diggs:procedure/diggs:AggregateFlakinessIndexTest
A9: =IF(ISNA(VLOOKUP(B9,Definitions!B$2:B$1604,1,FALSE)),"Not listed","") | B9: aggregate_impact_value | C9: //diggs:propertyClass | D9: ancestor::diggs:measurement//diggs:procedure/diggs:AggregateImpactValueTest
A10: =IF(ISNA(VLOOKUP(B10,Definitions!B$2:B$1604,1,FALSE)),"Not listed","") | B10: aggregate_LA_abrasion_loss | C10: //diggs:propertyClass | D10: ancestor::diggs:measurement//diggs:procedure/diggs:LosAngelesAbrasionTest
A11: =IF(ISNA(VLOOKUP(B11,Definitions!B$2:B$1604,1,FALSE)),"Not listed","") | B11: aggregate_la_coefficient | C11: //diggs:propertyClass | D11: ancestor::diggs:measurement//diggs:procedure/diggs:LosAngelesAbrasionTest
A12: =IF(ISNA(VLOOKUP(B12,Definitions!B$2:B$1604,1,FALSE)),"Not listed","") | B12: aggregate_la_wear_ratio | C12: //diggs:propertyClass | D12: ancestor::diggs:measurement//diggs:procedure/diggs:LosAngelesAbrasionTest
A13: =IF(ISNA(VLOOKUP(B13,Definitions!B$2:B$1604,1,FALSE)),"Not listed","") | B13: aggregate_polished_stone_value | C13: //diggs:propertyClass | D13: ancestor::diggs:measurement//diggs:procedure/diggs:AggregatePolishedStoneValueTest
... A22: =IF(ISNA(VLOOKUP(B22,Definitions!B$2:B$1604,1,FALSE)),"Not listed","") | B22: bulk_density | C22: //diggs:propertyClass | D22: ancestor::diggs:measurement//diggs:procedure/diggs:LabDensityTest
A23: =IF(ISNA(VLOOKUP([1]AssociatedElements!B279,Definitions!B$2:B$1604,1,FALSE)),"Not listed","") | B23: bulk_density_true | C23: //diggs:propertyClass | D23: ancestor::diggs:measurement//diggs:procedure/diggs:InsituCBRTest
A24: =IF(ISNA(VLOOKUP([1]AssociatedElements!B280,Definitions!B$2:B$1604,1,FALSE)),"Not listed","") | B24: bulk_density_true | C24: //diggs:propertyClass | D24: ancestor::diggs:measurement//diggs:procedure/diggs:InsituDensityTest
A25: =IF(ISNA(VLOOKUP([1]AssociatedElements!B281,Definitions!B$2:B$1604,1,FALSE)),"Not listed","") | B25: bulk_density_true | C25: //diggs:propertyClass | D25: ancestor::diggs:measurement//diggs:procedure/diggs:LabCBRTest
A26: =IF(ISNA(VLOOKUP([1]AssociatedElements!B282,Definitions!B$2:B$1604,1,FALSE)),"Not listed","") | B26: bulk_density_true | C26: //diggs:propertyClass | D26: ancestor::diggs:measurement//diggs:procedure/diggs:LabDensityTest
A27: =IF(ISNA(VLOOKUP(B27,Definitions!B$2:B$1604,1,FALSE)),"Not listed","") | B27: c_pressure | C27: //diggs:propertyClass | D27: ancestor::diggs:measurement//diggs:procedure/diggs:FlatPlateDilatometerTest
A28: =IF(ISNA(VLOOKUP([1]AssociatedElements!B289,Definitions!B$2:B$1604,1,FALSE)),"Not listed","") | B28: c_value | C28: //diggs:propertyClass | D28: ancestor::diggs:measurement//diggs:procedure/diggs:LabCompactionTest
A29: =IF(ISNA(VLOOKUP(B29,Definitions!B$2:B$1604,1,FALSE)),"Not listed","") | B29: cbr_0.1 | C29: //diggs:propertyClass | D29: ancestor::diggs:measurement//diggs:procedure/diggs:InsituCBRTest
A30: =IF(ISNA(VLOOKUP(B30,Definitions!B$2:B$1604,1,FALSE)),"Not listed","") | B30: cbr_0.1 | C30: //diggs:propertyClass | D30: ancestor::diggs:measurement//diggs:procedure/diggs:LabCBRTest
A31: =IF(ISNA(VLOOKUP(B31,Definitions!B$2:B$1604,1,FALSE)),"Not listed","") | B31: cbr_0.2 | C31: //diggs:propertyClass | D31: ancestor::diggs:measurement//diggs:procedure/diggs:InsituCBRTest
A32: =IF(ISNA(VLOOKUP(B32,Definitions!B$2:B$1604,1,FALSE)),"Not listed","") | B32: cbr_0.2 | C32: //diggs:propertyClass | D32: ancestor::diggs:measurement//diggs:procedure/diggs:LabCBRTest
A33: =IF(ISNA(VLOOKUP(B33,Definitions!B$2:B$1604,1,FALSE)),"Not listed","") | B33: chalk_crushing_value | C33: //diggs:propertyClass | D33: ancestor::diggs:measurement//diggs:procedure/diggs:ChalkCrushingValueTest
A34: =IF(ISNA(VLOOKUP(B34,Definitions!B$2:B$1604,1,FALSE)),"Not listed","") | B34: chloride_content | C34: //diggs:propertyClass | D34: ancestor::diggs:measurement//diggs:procedure/diggs:LabChemicalTest
A35: =IF(ISNA(VLOOKUP(B35,Definitions!B$2:B$1604,1,FALSE)),"Not listed","") | B35: clay_percent_2_micron | C35: //diggs:propertyClass | D35: ancestor::diggs:measurement//diggs:procedure/diggs:ParticleSizeTest
A36: =IF(ISNA(VLOOKUP(B36,Definitions!B$2:B$1604,1,FALSE)),"Not listed","") | B36: clay_percent_5_micron | C36: //diggs:propertyClass | D36: ancestor::diggs:measurement//diggs:procedure/diggs:ParticleSizeTest
A37: =IF(ISNA(VLOOKUP(B37,Definitions!B$2:B$1604,1,FALSE)),"Not listed","") | B37: coef_consolidation_horiz | C37: //diggs:propertyClass | D37: ancestor::diggs:measurement//diggs:procedure/diggs:FlatPlateDilatometerTest
A38: =IF(ISNA(VLOOKUP(B38,Definitions!B$2:B$1604,1,FALSE)),"Not listed","") | B38: coef_consolidation_horiz | C38: //diggs:propertyClass | D38: ancestor::diggs:measurement//diggs:procedure/diggs:PorePressureDissipationTest
A39: =IF(ISNA(VLOOKUP(B39,Definitions!B$2:B$1604,1,FALSE)),"Not listed","") | B39: coef_consolidation_vertical | C39: //diggs:propertyClass | D39: ancestor::diggs:measurement//diggs:procedure/diggs:ConsolidationTest
A40: =IF(ISNA(VLOOKUP(B40,Definitions!B$2:B$1604,1,FALSE)),"Not listed","") | B40: coef_curvature | C40: //diggs:propertyClass | D40: ancestor::diggs:measurement//diggs:procedure/diggs:MaterialGradationTest
... A61: =IF(ISNA(VLOOKUP(B61,Definitions!B$2:B$1604,1,FALSE)),"Not listed","") | B61: cohesion_peak | C61: //diggs:propertyClass | D61: ancestor::diggs:measurement//diggs:procedure/diggs:TriaxialTest
A62: =IF(ISNA(VLOOKUP(B61,Definitions!B$2:B$1604,1,FALSE)),"Not listed","") | B62: cohesion_residual | C62: //diggs:propertyClass | D62: ancestor::diggs:measurement//diggs:procedure/diggs:DirectShearTest
A63: =IF(ISNA(VLOOKUP(B62,Definitions!B$2:B$1604,1,FALSE)),"Not listed","") | B63: cohesion_residual | C63: //diggs:propertyClass | D63: ancestor::diggs:measurement//diggs:procedure/diggs:TriaxialTest
A64: =IF(ISNA(VLOOKUP(B62,Definitions!B$2:B$1604,1,FALSE)),"Not listed","") | B64: colloid_percent | C64: //diggs:propertyClass | D64: ancestor::diggs:measurement//diggs:procedure/diggs:ParticleSizeTest
A65: =IF(ISNA(VLOOKUP(B63,Definitions!B$2:B$1604,1,FALSE)),"Not listed","") | B65: compression_index | C65: //diggs:propertyClass | D65: ancestor::diggs:measurement//diggs:procedure/diggs:ConsolidationTest
A66: =IF(ISNA(VLOOKUP(B64,Definitions!B$2:B$1604,1,FALSE)),"Not listed","") | B66: compressive_strength_unconfined | C66: //diggs:propertyClass | D66: ancestor::diggs:measurement//diggs:procedure/diggs:InSituPenetrometerTest
A67: =IF(ISNA(VLOOKUP(B65,Definitions!B$2:B$1604,1,FALSE)),"Not listed","") | B67: compressive_strength_unconfined | C67: //diggs:propertyClass | D67: ancestor::diggs:measurement//diggs:procedure/diggs:LabPenetrometerTest
A68: =IF(ISNA(VLOOKUP(B66,Definitions!B$2:B$1604,1,FALSE)),"Not listed","") | B68: compressive_strength_unconfined | C68: //diggs:propertyClass | D68: ancestor::diggs:measurement//diggs:procedure/diggs:PocketPenetrometerTest
A69: =IF(ISNA(VLOOKUP(B67,Definitions!B$2:B$1604,1,FALSE)),"Not listed","") | B69: compressive_strength_unconfined | C69: //diggs:propertyClass | D69: ancestor::diggs:measurement//diggs:procedure/diggs:UnconfinedCompressiveStrengthTest
A70: =IF(ISNA(VLOOKUP(B68,Definitions!B$2:B$1604,1,FALSE)),"Not listed","") | B70: conductivity | C70: //diggs:propertyClass | D70: ancestor::diggs:measurement//diggs:procedure/diggs:StaticConePenetrationTest
A71: =IF(ISNA(VLOOKUP(B69,Definitions!B$2:B$1604,1,FALSE)),"Not listed","") | B71: consistency_index | C71: //diggs:propertyClass | D71: ancestor::diggs:measurement//diggs:procedure/diggs:AtterbergLimitsTest
A72: =IF(ISNA(VLOOKUP(B70,Definitions!B$2:B$1604,1,FALSE)),"Not listed","") | B72: consistency_index | C72: //diggs:propertyClass | D72: ancestor::diggs:measurement//diggs:procedure/diggs:WaterContentTest
A73: =IF(ISNA(VLOOKUP(B71,Definitions!B$2:B$1604,1,FALSE)),"Not listed","") | B73: constrained_vert_modulus | C73: //diggs:propertyClass | D73: ancestor::diggs:measurement//diggs:procedure/diggs:ConsolidationTest
A74: =IF(ISNA(VLOOKUP(B72,Definitions!B$2:B$1604,1,FALSE)),"Not listed","") | B74: constrained_vert_modulus | C74: //diggs:propertyClass | D74: ancestor::diggs:measurement//diggs:procedure/diggs:FlatPlateDilatometerTest
A75: =IF(ISNA(VLOOKUP([1]AssociatedElements!B288,Definitions!B$2:B$1604,1,FALSE)),"Not listed","") | B75: d_value | C75: //diggs:propertyClass | D75: ancestor::diggs:measurement//diggs:procedure/diggs:LabCompactionTest
A76: =IF(ISNA(VLOOKUP(B74,Definitions!B$2:B$1604,1,FALSE)),"Not listed","") | B76: d10 | C76: //diggs:propertyClass | D76: ancestor::diggs:measurement//diggs:procedure/diggs:MaterialGradationTest
A77: =IF(ISNA(VLOOKUP(B75,Definitions!B$2:B$1604,1,FALSE)),"Not listed","") | B77: d10 | C77: //diggs:propertyClass | D77: ancestor::diggs:measurement//diggs:procedure/diggs:ParticleSizeTest
A78: =IF(ISNA(VLOOKUP(B76,Definitions!B$2:B$1604,1,FALSE)),"Not listed","") | B78: d15 | C78: //diggs:propertyClass | D78: ancestor::diggs:measurement//diggs:procedure/diggs:MaterialGradationTest
A79: =IF(ISNA(VLOOKUP(B77,Definitions!B$2:B$1604,1,FALSE)),"Not listed","") | B79: d15 | C79: //diggs:propertyClass | D79: ancestor::diggs:measurement//diggs:procedure/diggs:ParticleSizeTest
A80: =IF(ISNA(VLOOKUP(B78,Definitions!B$2:B$1604,1,FALSE)),"Not listed","") | B80: d30 | C80: //diggs:propertyClass | D80: ancestor::diggs:measurement//diggs:procedure/diggs:MaterialGradationTest
A81: =IF(ISNA(VLOOKUP(B79,Definitions!B$2:B$1604,1,FALSE)),"Not listed","") | B81: d30 | C81: //diggs:propertyClass | D81: ancestor::diggs:measurement//diggs:procedure/diggs:ParticleSizeTest
A82: =IF(ISNA(VLOOKUP(B80,Definitions!B$2:B$1604,1,FALSE)),"Not listed","") | B82: d50 | C82: //diggs:propertyClass | D82: ancestor::diggs:measurement//diggs:procedure/diggs:MaterialGradationTest
A83: =IF(ISNA(VLOOKUP(B81,Definitions!B$2:B$1604,1,FALSE)),"Not listed","") | B83: d50 | C83: //diggs:propertyClass | D83: ancestor::diggs:measurement//diggs:procedure/diggs:ParticleSizeTest
A84: =IF(ISNA(VLOOKUP(B82,Definitions!B$2:B$1604,1,FALSE)),"Not listed","") | B84: d60 | C84: //diggs:propertyClass | D84: ancestor::diggs:measurement//diggs:procedure/diggs:MaterialGradationTest
A85: =IF(ISNA(VLOOKUP(B83,Definitions!B$2:B$1604,1,FALSE)),"Not listed","") | B85: d60 | C85: //diggs:propertyClass | D85: ancestor::diggs:measurement//diggs:procedure/diggs:ParticleSizeTest
A86: =IF(ISNA(VLOOKUP(B84,Definitions!B$2:B$1604,1,FALSE)),"Not listed","") | B86: d85 | C86: //diggs:propertyClass | D86: ancestor::diggs:measurement//diggs:procedure/diggs:MaterialGradationTest
A87: =IF(ISNA(VLOOKUP(B85,Definitions!B$2:B$1604,1,FALSE)),"Not listed","") | B87: d85 | C87: //diggs:propertyClass | D87: ancestor::diggs:measurement//diggs:procedure/diggs:ParticleSizeTest
... A96: =IF(ISNA(VLOOKUP(B94,Definitions!B$2:B$1604,1,FALSE)),"Not listed","") | B96: dry_density_max | C96: //diggs:propertyClass | D96: ancestor::diggs:measurement//diggs:procedure/diggs:LabCompactionTest
A97: =IF(ISNA(VLOOKUP([1]AssociatedElements!B284,Definitions!B$2:B$1604,1,FALSE)),"Not listed","") | B97: dry_density_max_true | C97: //diggs:propertyClass | D97: ancestor::diggs:measurement//diggs:procedure/diggs:LabCompactionTest
A98: =IF(ISNA(VLOOKUP([1]AssociatedElements!B283,Definitions!B$2:B$1604,1,FALSE)),"Not listed","") | B98: dry_density_true | C98: //diggs:propertyClass | D98: ancestor::diggs:measurement//diggs:procedure/diggs:LabDensityTest
B99: easily_oxidized_carbon | C99: //diggs:propertyClass | D99: ancestor::diggs:measurement//diggs:procedure/diggs:OrganicMatterByWetCombustionTest
A100: =IF(ISNA(VLOOKUP([1]AssociatedElements!B284,Definitions!B$2:B$1604,1,FALSE)),"Not listed","") | B100: easily_oxidized_matter | C100: //diggs:propertyClass | D100: ancestor::diggs:measurement//diggs:procedure/diggs:OrganicMatterByWetCombustionTest
A101: =IF(ISNA(VLOOKUP(B99,Definitions!B$2:B$1604,1,FALSE)),"Not listed","") | B101: effective_stress_vertical | C101: //diggs:propertyClass | D101: ancestor::diggs:measurement//diggs:procedure/diggs:FlatPlateDilatometerTest
A102: =IF(ISNA(VLOOKUP(B100,Definitions!B$2:B$1604,1,FALSE)),"Not listed","") | B102: elapsed_time | C102: //diggs:propertyClass | D102: ancestor::diggs:dissipationTimeSeries
A103: =IF(ISNA(VLOOKUP(B101,Definitions!B$2:B$1604,1,FALSE)),"Not listed","") | B103: elapsed_time | C103: //diggs:propertyClass | D103: ancestor::diggs:lugeonStepTimeSeries
A104: =IF(ISNA(VLOOKUP(B102,Definitions!B$2:B$1604,1,FALSE)),"Not listed","") | B104: elapsed_time | C104: //diggs:propertyClass | D104: ancestor::diggs:measurement//diggs:procedure/diggs:StaticConePenetrationTest
A105: =IF(ISNA(VLOOKUP(B103,Definitions!B$2:B$1604,1,FALSE)),"Not listed","") | B105: elapsed_time | C105: //diggs:propertyClass | D105: ancestor::diggs:syneresisTimeSeries
A106: =IF(ISNA(VLOOKUP(B104,Definitions!B$2:B$1604,1,FALSE)),"Not listed","") | B106: filtrate_volume | C106: //diggs:propertyClass | D106: ancestor::diggs:measurement//diggs:procedure/diggs:PressureFiltrationTest
A107: =IF(ISNA(VLOOKUP(B105,Definitions!B$2:B$1604,1,FALSE)),"Not listed","") | B107: flame_ionization_measurement | C107: //diggs:propertyClass | D107: ancestor::diggs:measurement//diggs:procedure/diggs:EnvironmentalScreeningTest
A108: =IF(ISNA(VLOOKUP(B106,Definitions!B$2:B$1604,1,FALSE)),"Not listed","") | B108: flame_ionization_measurement | C108: //diggs:propertyClass | D108: ancestor::diggs:measurement//diggs:procedure/diggs:FlameIonizationDetectorTest
A109: =IF(ISNA(VLOOKUP(B107,Definitions!B$2:B$1604,1,FALSE)),"Not listed","") | B109: flow_cone_time | C109: //diggs:propertyClass | D109: ancestor::diggs:measurement//diggs:procedure/diggs:FlowConeTest
A110: =IF(ISNA(VLOOKUP(B108,Definitions!B$2:B$1604,1,FALSE)),"Not listed","") | B110: flow_mass_rate | C110: //diggs:propertyClass | D110: ancestor::diggs:lugeonStepTimeSeries
A111: =IF(ISNA(VLOOKUP(B109,Definitions!B$2:B$1604,1,FALSE)),"Not listed","") | B111: flow_volume_rate | C111: //diggs:propertyClass | D111: ancestor::diggs:lugeonStepTimeSeries
A112: =IF(ISNA(VLOOKUP([1]AssociatedElements!B286,Definitions!B$2:B$1604,1,FALSE)),"Not listed","") | B112: free_swell_value | C112: //diggs:propertyClass | D112: ancestor::diggs:measurement//diggs:procedure/diggs:SwellOrCollapseTest
A113: =IF(ISNA(VLOOKUP(B111,Definitions!B$2:B$1604,1,FALSE)),"Not listed","") | B113: friction_angle_cv | C113: //diggs:propertyClass | D113: ancestor::diggs:measurement//diggs:procedure/diggs:DirectShearTest
A114: =IF(ISNA(VLOOKUP(B112,Definitions!B$2:B$1604,1,FALSE)),"Not listed","") | B114: friction_angle_cv | C114: //diggs:propertyClass | D114: ancestor::diggs:measurement//diggs:procedure/diggs:PressuremeterTest
A115: =IF(ISNA(VLOOKUP(B113,Definitions!B$2:B$1604,1,FALSE)),"Not listed","") | B115: friction_angle_cv | C115: //diggs:propertyClass | D115: ancestor::diggs:measurement//diggs:procedure/diggs:TriaxialTest
A116: =IF(ISNA(VLOOKUP(B113,Definitions!B$2:B$1604,1,FALSE)),"Not listed","") | B116: friction_angle_peak | C116: //diggs:propertyClass | D116: ancestor::diggs:measurement//diggs:procedure/diggs:DirectShearTest
A117: =IF(ISNA(VLOOKUP(B114,Definitions!B$2:B$1604,1,FALSE)),"Not listed","") | B117: friction_angle_peak | C117: //diggs:propertyClass | D117: ancestor::diggs:measurement//diggs:procedure/diggs:FlatPlateDilatometerTest
A118: =IF(ISNA(VLOOKUP(B115,Definitions!B$2:B$1604,1,FALSE)),"Not listed","") | B118: friction_angle_peak | C118: //diggs:propertyClass | D118: ancestor::diggs:measurement//diggs:procedure/diggs:TriaxialTest
A119: =IF(ISNA(VLOOKUP(B117,Definitions!B$2:B$1604,1,FALSE)),"Not listed","") | B119: friction_angle_residual | C119: //diggs:propertyClass | D119: ancestor::diggs:measurement//diggs:procedure/diggs:DirectShearTest
A120: =IF(ISNA(VLOOKUP(B118,Definitions!B$2:B$1604,1,FALSE)),"Not listed","") | B120: friction_angle_residual | C120: //diggs:propertyClass | D120: ancestor::diggs:measurement//diggs:procedure/diggs:FlatPlateDilatometerTest
A121: =IF(ISNA(VLOOKUP(B119,Definitions!B$2:B$1604,1,FALSE)),"Not listed","") | B121: friction_angle_residual | C121: //diggs:propertyClass | D121: ancestor::diggs:measurement//diggs:procedure/diggs:PressuremeterTest
A122: =IF(ISNA(VLOOKUP(B120,Definitions!B$2:B$1604,1,FALSE)),"Not listed","") | B122: friction_angle_residual | C122: //diggs:propertyClass | D122: ancestor::diggs:measurement//diggs:procedure/diggs:TriaxialTest
A123: =IF(ISNA(VLOOKUP(B121,Definitions!B$2:B$1604,1,FALSE)),"Not listed","") | B123: friction_angle_residual | C123: //diggs:propertyClass | D123: ancestor::diggs:measurement//diggs:procedure/diggs:TriaxialTest
A124: =IF(ISNA(VLOOKUP(B122,Definitions!B$2:B$1604,1,FALSE)),"Not listed","") | B124: friction_ratio | C124: //diggs:propertyClass | D124: ancestor::diggs:measurement//diggs:procedure/diggs:StaticConePenetrationTest
A125: =IF(ISNA(VLOOKUP(B123,Definitions!B$2:B$1604,1,FALSE)),"Not listed","") | B125: frost_heave | C125: //diggs:propertyClass | D125: ancestor::diggs:measurement//diggs:procedure/diggs:FrostSusceptibilityTest
A126: =IF(ISNA(VLOOKUP(B124,Definitions!B$2:B$1604,1,FALSE)),"Not listed","") | B126: gauge_pressure | C126: //diggs:propertyClass | D126: ancestor::diggs:lugeonStepTimeSeries
A127: =IF(ISNA(VLOOKUP(B125,Definitions!B$2:B$1604,1,FALSE)),"Not listed","") | B127: gel_time | C127: //diggs:propertyClass | D127: ancestor::diggs:measurement//diggs:procedure/diggs:TiltCupTest
A128: =IF(ISNA(VLOOKUP(B126,Definitions!B$2:B$1604,1,FALSE)),"Not listed","") | B128: gel_time | C128: //diggs:propertyClass | D128: ancestor::diggs:measurement//diggs:procedure/diggs:ViscometerTest
A129: =IF(ISNA(VLOOKUP(B127,Definitions!B$2:B$1604,1,FALSE)),"Not listed","") | B129: HFFD | C129: //diggs:propertyClass | D129: ancestor::diggs:measurement//diggs:procedure/diggs:StaticConePenetrationTest
A130: =IF(ISNA(VLOOKUP(B128,Definitions!B$2:B$1604,1,FALSE)),"Not listed","") | B130: horiz_stress_index | C130: //diggs:propertyClass | D130: ancestor::diggs:measurement//diggs:procedure/diggs:FlatPlateDilatometerTest
... A156: =IF(ISNA(VLOOKUP(B154,Definitions!B$2:B$1604,1,FALSE)),"Not listed","") | B156: menard_modulus | C156: //diggs:propertyClass | D156: ancestor::diggs:measurement//diggs:procedure/diggs:PressuremeterTest
A157: =IF(ISNA(VLOOKUP(B154,Definitions!B$2:B$1604,1,FALSE)),"Not listed","") | B157: modulus_shear | C157: //diggs:propertyClass | D157: ancestor::diggs:measurement//diggs:procedure/diggs:PressuremeterTest
A158: =IF(ISNA(VLOOKUP(B155,Definitions!B$2:B$1604,1,FALSE)),"Not listed","") | B158: modulus_shear | C158: //diggs:propertyClass | D158: ancestor::diggs:measurement//diggs:procedure/diggs:UnconfinedCompressiveStrengthTest
A159: =IF(ISNA(VLOOKUP(B156,Definitions!B$2:B$1604,1,FALSE)),"Not listed","") | B159: modulus_youngs | C159: //diggs:propertyClass | D159: ancestor::diggs:measurement//diggs:procedure/diggs:UnconfinedCompressiveStrengthTest
A160: =IF(ISNA(VLOOKUP(B157,Definitions!B$2:B$1604,1,FALSE)),"Not listed","") | B160: mud_balance_density | C160: //diggs:propertyClass | D160: ancestor::diggs:measurement//diggs:procedure/diggs:MudBalanceTest
A161: =IF(ISNA(VLOOKUP(B158,Definitions!B$2:B$1604,1,FALSE)),"Not listed","") | B161: n_value | C161: //diggs:propertyClass | D161: ancestor::diggs:measurement//diggs:procedure/diggs:DrivenPenetrationTest
...

Sheet ValueBindings
A1: Start | B1: ID | C1: SubjectElement | D1: Method | E1: RealizedValueXpath | F1: ReferenceValueXpath | G1: ReferenceSource | H1: ReferenceEvaluation | I1: NormalizeByXpath
B2: compressive_strength_unconfined | D2: direct | E2: for $r in $evidence/descendant-or-self::*[diggs:results//diggs:propertyClass/@codeSpace[ends-with(., '#compressive_strength_unconfined')]] return diggs:series($r, 'compressive_strength_unconfined') ! ?2
B3: slump | D3: direct | E3: for $r in $evidence/descendant-or-self::*[diggs:results//diggs:propertyClass/@codeSpace[ends-with(., '#slump')]] return diggs:series($r, 'slump') ! ?2
B4: modulus_youngs | D4: direct | E4: for $r in $evidence/descendant-or-self::*[diggs:results//diggs:propertyClass/@codeSpace[ends-with(., '#modulus_youngs')]] return diggs:series($r, 'modulus_youngs') ! ?2
B5: settlement | C5: diggs:LoadTransferPlatform | D5: value at | E5: let $r := $evidence/diggs:outcome/*[1], $x := diggs:series($r, 'applied_stress'), $y := diggs:series($r, 'settlement'), $p := diggs:series($r, 'loading_phase') return for $i in 1 to count($y) return if ($p[$i]?2 = 'loading') then [$x[$i]?2, $y[$i]?2] else ()
B6: settlement | D6: direct | E6: for $r in $evidence/descendant-or-self::*[diggs:results//diggs:propertyClass/@codeSpace[ends-with(., '#settlement')]] return diggs:series($r, 'settlement') ! ?2
B7: toe_depth_deviation | C7: diggs:Test | D7: direct | E7: let $t := diggs:otherMeasurementProperty/diggs:AuthorizedParameter[diggs:parameterName/@codeSpace[ends-with(., '#toe_depth')]]/diggs:parameterValue, $l := diggs:procedure/*/diggs:referenceLength return if (exists($t) and exists($l)) then abs(number($t) - number($l)) * 100 div number($l) else ()
B8: relative_reflection_amplitude | C8: diggs:Test | D8: direct | E8: diggs:otherMeasurementProperty/diggs:AuthorizedParameter[diggs:parameterName/@codeSpace[ends-with(., '#relative_reflection_amplitude')]]/diggs:parameterValue
B9: relative_toe_amplitude | C9: diggs:Test | D9: direct | E9: diggs:otherMeasurementProperty/diggs:AuthorizedParameter[diggs:parameterName/@codeSpace[ends-with(., '#relative_toe_amplitude')]]/diggs:parameterValue

Sheet Lists
A1: DataType | B1: DataType2 | C1: QuantityClass | D1: Column2
B2: anyURI | C2: absorbed dose | E2: =VLOOKUP(C2,J$2:J$300,1,FALSE) | F2: =SUBSTITUTE(PROPER(LOWER(C2))," ","") | J2: (amount of substance per time) per area
B3: base64binary | C3: activity [of radioactivity] | E3: =VLOOKUP(C3,J$2:J$300,1,FALSE) | F3: =SUBSTITUTE(PROPER(LOWER(C3))," ","") | J3: (energy per mass) per time
B4: boolean | C4: amount of substance | E4: =VLOOKUP(C4,J$2:J$300,1,FALSE) | F4: =SUBSTITUTE(PROPER(LOWER(C4))," ","") | J4: (mass per time) per area
B5: byte | C5: amount of substance per amount of substance | E5: =VLOOKUP(C5,J$2:J$300,1,FALSE) | F5: =SUBSTITUTE(PROPER(LOWER(C5))," ","") | J5: (mass per time) per length
B6: date | C6: amount of substance per area | E6: =VLOOKUP(C6,J$2:J$300,1,FALSE) | F6: =SUBSTITUTE(PROPER(LOWER(C6))," ","") | J6: (mass per volume) per length
B7: dateTime | C7: amount of substance per mass | D7: use for cation exchange capacity | E7: =VLOOKUP(C7,J$2:J$300,1,FALSE) | F7: =SUBSTITUTE(PROPER(LOWER(C7))," ","") | J7: (volume per time) length
B8: decimal | C8: amount of substance per time | E8: =VLOOKUP(C8,J$2:J$300,1,FALSE) | F8: =SUBSTITUTE(PROPER(LOWER(C8))," ","") | J8: (volume per time) per (pressure length)
B9: double | C9: (amount of substance per time) per area | E9: =VLOOKUP(C9,J$2:J$300,1,FALSE) | F9: =SUBSTITUTE(PROPER(LOWER(C9))," ","") | J9: (volume per time) per area
B10: duration | C10: amount of substance per volume | E10: =VLOOKUP(C10,J$2:J$300,1,FALSE) | F10: =SUBSTITUTE(PROPER(LOWER(C10))," ","") | J10: (volume per time) per length
B11: float | C11: angle per length | E11: =VLOOKUP(C11,J$2:J$300,1,FALSE) | F11: =SUBSTITUTE(PROPER(LOWER(C11))," ","") | J11: (volume per time) per pressure
B12: gDay | C12: angle per volume | E12: =VLOOKUP(C12,J$2:J$300,1,FALSE) | F12: =SUBSTITUTE(PROPER(LOWER(C12))," ","") | J12: (volume per time) per time
B13: gMonth | C13: angular acceleration | E13: =VLOOKUP(C13,J$2:J$300,1,FALSE) | F13: =SUBSTITUTE(PROPER(LOWER(C13))," ","") | J13: (volume per time) per volume
B14: gMonthDay | C14: angular velocity | E14: =VLOOKUP(C14,J$2:J$300,1,FALSE) | F14: =SUBSTITUTE(PROPER(LOWER(C14))," ","") | J14: API gamma ray
B15: gYear | C15: api gamma ray | E15: =VLOOKUP(C15,J$2:J$300,1,FALSE) | F15: =SUBSTITUTE(PROPER(LOWER(C15))," ","") | J15: API gravity
B16: gYearMonth | C16: api gravity | E16: =VLOOKUP(C16,J$2:J$300,1,FALSE) | F16: =SUBSTITUTE(PROPER(LOWER(C16))," ","") | J16: API neutron
B17: hexBinary | C17: api neutron | E17: =VLOOKUP(C17,J$2:J$300,1,FALSE) | F17: =SUBSTITUTE(PROPER(LOWER(C17))," ","") | J17: absorbed dose
B18: integer | C18: area | E18: =VLOOKUP(C18,J$2:J$300,1,FALSE) | F18: =SUBSTITUTE(PROPER(LOWER(C18))," ","") | J18: activity [of radioactivity]
B19: language | C19: area per amount of substance | E19: =VLOOKUP(C19,J$2:J$300,1,FALSE) | F19: =SUBSTITUTE(PROPER(LOWER(C19))," ","") | J19: amount of substance
B20: long | C20: area per area | E20: =VLOOKUP(C20,J$2:J$300,1,FALSE) | F20: =SUBSTITUTE(PROPER(LOWER(C20))," ","") | J20: amount of substance per amount of substance
B21: negativeInteger | C21: area per count | D21: In EML schema but not in EML dictionary | E21: =VLOOKUP(C21,J$2:J$300,1,FALSE) | F21: =SUBSTITUTE(PROPER(LOWER(C21))," ","") | J21: amount of substance per area
B22: nonNegativeInteger | C22: area per mass | E22: =VLOOKUP(C22,J$2:J$300,1,FALSE) | F22: =SUBSTITUTE(PROPER(LOWER(C22))," ","") | J22: amount of substance per time
B23: nonPositiveInteger | C23: area per time | E23: =VLOOKUP(C23,J$2:J$300,1,FALSE) | F23: =SUBSTITUTE(PROPER(LOWER(C23))," ","") | J23: amount of substance per volume
B24: normalizedString | C24: area per volume | E24: =VLOOKUP(C24,J$2:J$300,1,FALSE) | F24: =SUBSTITUTE(PROPER(LOWER(C24))," ","") | J24: angle per length
B25: positiveInteger | C25: attenuation per frequency interval | E25: =VLOOKUP(C25,J$2:J$300,1,FALSE) | F25: =SUBSTITUTE(PROPER(LOWER(C25))," ","") | J25: angle per volume
B26: short | C26: capacitance | E26: =VLOOKUP(C26,J$2:J$300,1,FALSE) | F26: =SUBSTITUTE(PROPER(LOWER(C26))," ","") | J26: angular acceleration
B27: string | C27: data transfer speed | E27: =VLOOKUP(C27,J$2:J$300,1,FALSE) | F27: =SUBSTITUTE(PROPER(LOWER(C27))," ","") | J27: angular velocity
B28: string | C28: diffusion coefficient | E28: =VLOOKUP(C28,J$2:J$300,1,FALSE) | F28: =SUBSTITUTE(PROPER(LOWER(C28))," ","") | J28: area
B29: time | C29: diffusive time of flight | D29: In EML schema but not in EML dictionary | E29: =VLOOKUP(C29,J$2:J$300,1,FALSE) | F29: =SUBSTITUTE(PROPER(LOWER(C29))," ","") | J29: area per amount of substance
B30: token | C30: digital storage | E30: =VLOOKUP(C30,J$2:J$300,1,FALSE) | F30: =SUBSTITUTE(PROPER(LOWER(C30))," ","") | J30: area per area
B31: unsignedByte | C31: dimensionless | E31: =VLOOKUP(C31,J$2:J$300,1,FALSE) | F31: =SUBSTITUTE(PROPER(LOWER(C31))," ","") | J31: area per mass
B32: unsignedInt | C32: dipole moment | E32: =VLOOKUP(C32,J$2:J$300,1,FALSE) | F32: =SUBSTITUTE(PROPER(LOWER(C32))," ","") | J32: area per time
B33: unsignedLong | C33: dose equivalent | E33: =VLOOKUP(C33,J$2:J$300,1,FALSE) | F33: =SUBSTITUTE(PROPER(LOWER(C33))," ","") | J33: area per volume
B34: unsignedShort | C34: dynamic viscosity | E34: =VLOOKUP(C34,J$2:J$300,1,FALSE) | F34: =SUBSTITUTE(PROPER(LOWER(C34))," ","") | J34: attenuation per frequency interval
B35: vector | C35: electric charge | E35: =VLOOKUP(C35,J$2:J$300,1,FALSE) | F35: =SUBSTITUTE(PROPER(LOWER(C35))," ","") | J35: capacitance
C36: electric charge per area | E36: =VLOOKUP(C36,J$2:J$300,1,FALSE) | F36: =SUBSTITUTE(PROPER(LOWER(C36))," ","") | J36: data transfer speed
C37: electric charge per mass | E37: =VLOOKUP(C37,J$2:J$300,1,FALSE) | F37: =SUBSTITUTE(PROPER(LOWER(C37))," ","") | J37: diffusion coefficient
C38: electric charge per volume | E38: =VLOOKUP(C38,J$2:J$300,1,FALSE) | F38: =SUBSTITUTE(PROPER(LOWER(C38))," ","") | J38: digital storage
C39: electric conductance | E39: =VLOOKUP(C39,J$2:J$300,1,FALSE) | F39: =SUBSTITUTE(PROPER(LOWER(C39))," ","") | J39: dimensionless
C40: electric conductivity | E40: =VLOOKUP(C40,J$2:J$300,1,FALSE) | F40: =SUBSTITUTE(PROPER(LOWER(C40))," ","") | J40: dipole moment
C41: electric current | E41: =VLOOKUP(C41,J$2:J$300,1,FALSE) | F41: =SUBSTITUTE(PROPER(LOWER(C41))," ","") | J41: dose equivalent
C42: electric current density | E42: =VLOOKUP(C42,J$2:J$300,1,FALSE) | F42: =SUBSTITUTE(PROPER(LOWER(C42))," ","") | J42: dynamic viscosity
C43: electric field strength | E43: =VLOOKUP(C43,J$2:J$300,1,FALSE) | F43: =SUBSTITUTE(PROPER(LOWER(C43))," ","") | J43: electric charge
C44: electric potential difference | E44: =VLOOKUP(C44,J$2:J$300,1,FALSE) | F44: =SUBSTITUTE(PROPER(LOWER(C44))," ","") | J44: electric charge per area
C45: electric resistance | E45: =VLOOKUP(C45,J$2:J$300,1,FALSE) | F45: =SUBSTITUTE(PROPER(LOWER(C45))," ","") | J45: electric charge per mass
C46: electric resistance per length | E46: =VLOOKUP(C46,J$2:J$300,1,FALSE) | F46: =SUBSTITUTE(PROPER(LOWER(C46))," ","") | J46: electric charge per volume
C47: electrical resistivity | E47: =VLOOKUP(C47,J$2:J$300,1,FALSE) | F47: =SUBSTITUTE(PROPER(LOWER(C47))," ","") | J47: electric conductance
... C59: force length per length | E59: =VLOOKUP(C59,J$2:J$300,1,FALSE) | F59: =SUBSTITUTE(PROPER(LOWER(C59))," ","") | J59: energy length per time area temperature
C60: force or mass per volume | D60: use for geotechnical densities | E60: =VLOOKUP(C60,J$2:J$300,1,FALSE) | F60: =SUBSTITUTE(PROPER(LOWER(C60))," ","") | J60: energy per area
C61: force per force | E61: =VLOOKUP(C61,J$2:J$300,1,FALSE) | F61: =SUBSTITUTE(PROPER(LOWER(C61))," ","") | J61: energy per length
C62: force per length | E62: =VLOOKUP(C62,J$2:J$300,1,FALSE) | F62: =SUBSTITUTE(PROPER(LOWER(C62))," ","") | J62: energy per mass
C63: force per volume | E63: =VLOOKUP(C63,J$2:J$300,1,FALSE) | F63: =SUBSTITUTE(PROPER(LOWER(C63))," ","") | J63: energy per volume
C64: frequency | E64: =VLOOKUP(C64,J$2:J$300,1,FALSE) | F64: =SUBSTITUTE(PROPER(LOWER(C64))," ","") | J64: force
C65: frequency interval | E65: =VLOOKUP(C65,J$2:J$300,1,FALSE) | F65: =SUBSTITUTE(PROPER(LOWER(C65))," ","") | J65: force area
C66: gravitational gradient | D66: use for gravity gradients | E66: =VLOOKUP(C66,J$2:J$300,1,FALSE) | F66: =SUBSTITUTE(PROPER(LOWER(C66))," ","") | J66: force length per length
C67: heat capacity | E67: =VLOOKUP(C67,J$2:J$300,1,FALSE) | F67: =SUBSTITUTE(PROPER(LOWER(C67))," ","") | J67: force per force
C68: heat flow rate | E68: =VLOOKUP(C68,J$2:J$300,1,FALSE) | F68: =SUBSTITUTE(PROPER(LOWER(C68))," ","") | J68: force per length
C69: heat transfer coefficient | E69: =VLOOKUP(C69,J$2:J$300,1,FALSE) | F69: =SUBSTITUTE(PROPER(LOWER(C69))," ","") | J69: force per volume
C70: illuminance | E70: =VLOOKUP(C70,J$2:J$300,1,FALSE) | F70: =SUBSTITUTE(PROPER(LOWER(C70))," ","") | J70: frequency
C71: inductance | E71: =VLOOKUP(C71,J$2:J$300,1,FALSE) | F71: =SUBSTITUTE(PROPER(LOWER(C71))," ","") | J71: frequency interval
C72: isothermal compressibility | E72: =VLOOKUP(C72,J$2:J$300,1,FALSE) | F72: =SUBSTITUTE(PROPER(LOWER(C72))," ","") | J72: heat capacity
C73: kinematic viscosity | E73: =VLOOKUP(C73,J$2:J$300,1,FALSE) | F73: =SUBSTITUTE(PROPER(LOWER(C73))," ","") | J73: heat flow rate
C74: length | E74: =VLOOKUP(C74,J$2:J$300,1,FALSE) | F74: =SUBSTITUTE(PROPER(LOWER(C74))," ","") | J74: heat transfer coefficient
C75: length per length | E75: =VLOOKUP(C75,J$2:J$300,1,FALSE) | F75: =SUBSTITUTE(PROPER(LOWER(C75))," ","") | J75: illuminance
C76: length per mass | E76: =VLOOKUP(C76,J$2:J$300,1,FALSE) | F76: =SUBSTITUTE(PROPER(LOWER(C76))," ","") | J76: inductance
C77: length per pressure | E77: =VLOOKUP(C77,J$2:J$300,1,FALSE) | F77: =SUBSTITUTE(PROPER(LOWER(C77))," ","") | J77: isothermal compressibility
C78: length per temperature | E78: =VLOOKUP(C78,J$2:J$300,1,FALSE) | F78: =SUBSTITUTE(PROPER(LOWER(C78))," ","") | J78: kinematic viscosity
... C107: (mass per volume) per length | E107: =VLOOKUP(C107,J$2:J$300,1,FALSE) | F107: =SUBSTITUTE(PROPER(LOWER(C107))," ","") | J107: mass per mass
C108: (mass per volume) per pressure | D108: In EML schema but not in EML dictionary | E108: =VLOOKUP(C108,J$2:J$300,1,FALSE) | F108: =SUBSTITUTE(PROPER(LOWER(C108))," ","") | J108: mass per time
C109: (mass per volume) per temperature | D109: In EML schema but not in EML dictionary | E109: =VLOOKUP(C109,J$2:J$300,1,FALSE) | F109: =SUBSTITUTE(PROPER(LOWER(C109))," ","") | J109: mass per volume
C110: mobility | E110: =VLOOKUP(C110,J$2:J$300,1,FALSE) | F110: =SUBSTITUTE(PROPER(LOWER(C110))," ","") | J110: mobility
C111: molar energy | E111: =VLOOKUP(C111,J$2:J$300,1,FALSE) | F111: =SUBSTITUTE(PROPER(LOWER(C111))," ","") | J111: molar energy
C112: molar heat capacity | E112: =VLOOKUP(C112,J$2:J$300,1,FALSE) | F112: =SUBSTITUTE(PROPER(LOWER(C112))," ","") | J112: molar heat capacity
C113: molar volume | E113: =VLOOKUP(C113,J$2:J$300,1,FALSE) | F113: =SUBSTITUTE(PROPER(LOWER(C113))," ","") | J113: molar volume
C114: molecular weight | E114: =VLOOKUP(C114,J$2:J$300,1,FALSE) | F114: =SUBSTITUTE(PROPER(LOWER(C114))," ","") | J114: molecular weight
C115: moment of force | E115: =VLOOKUP(C115,J$2:J$300,1,FALSE) | F115: =SUBSTITUTE(PROPER(LOWER(C115))," ","") | J115: moment of force
C116: moment of inertia | E116: =VLOOKUP(C116,J$2:J$300,1,FALSE) | F116: =SUBSTITUTE(PROPER(LOWER(C116))," ","") | J116: moment of inertia
C117: momentum | E117: =VLOOKUP(C117,J$2:J$300,1,FALSE) | F117: =SUBSTITUTE(PROPER(LOWER(C117))," ","") | J117: momentum
C118: normalized power | E118: =VLOOKUP(C118,J$2:J$300,1,FALSE) | F118: =SUBSTITUTE(PROPER(LOWER(C118))," ","") | J118: normalized power
C119: permeability length | E119: =VLOOKUP(C119,J$2:J$300,1,FALSE) | F119: =SUBSTITUTE(PROPER(LOWER(C119))," ","") | J119: permeability length
C120: permeability rock | E120: =VLOOKUP(C120,J$2:J$300,1,FALSE) | F120: =SUBSTITUTE(PROPER(LOWER(C120))," ","") | J120: permeability rock
C121: permittivity | E121: =VLOOKUP(C121,J$2:J$300,1,FALSE) | F121: =SUBSTITUTE(PROPER(LOWER(C121))," ","") | J121: permittivity
... C128: pressure | E128: =VLOOKUP(C128,J$2:J$300,1,FALSE) | F128: =SUBSTITUTE(PROPER(LOWER(C128))," ","") | J128: pressure
C129: pressure per pressure | D129: In EML schema but not in EML dictionary | E129: =VLOOKUP(C129,J$2:J$300,1,FALSE) | F129: =SUBSTITUTE(PROPER(LOWER(C129))," ","") | J129: pressure per time
C130: pressure per time | E130: =VLOOKUP(C130,J$2:J$300,1,FALSE) | F130: =SUBSTITUTE(PROPER(LOWER(C130))," ","") | J130: pressure per volume
C131: pressure per volume | E131: =VLOOKUP(C131,J$2:J$300,1,FALSE) | F131: =SUBSTITUTE(PROPER(LOWER(C131))," ","") | J131: pressure squared
C132: pressure squared | E132: =VLOOKUP(C132,J$2:J$300,1,FALSE) | F132: =SUBSTITUTE(PROPER(LOWER(C132))," ","") | J132: pressure squared per (force time per area)
C133: pressure squared per (force time per area) | E133: =VLOOKUP(C133,J$2:J$300,1,FALSE) | F133: =SUBSTITUTE(PROPER(LOWER(C133))," ","") | J133: pressure time per volume
C134: pressure time per volume | E134: =VLOOKUP(C134,J$2:J$300,1,FALSE) | F134: =SUBSTITUTE(PROPER(LOWER(C134))," ","") | J134: quantity of light
C135: quantity of light | E135: =VLOOKUP(C135,J$2:J$300,1,FALSE) | F135: =SUBSTITUTE(PROPER(LOWER(C135))," ","") | J135: radiance
C136: radiance | E136: =VLOOKUP(C136,J$2:J$300,1,FALSE) | F136: =SUBSTITUTE(PROPER(LOWER(C136))," ","") | J136: radiant intensity
C137: radiant intensity | E137: =VLOOKUP(C137,J$2:J$300,1,FALSE) | F137: =SUBSTITUTE(PROPER(LOWER(C137))," ","") | J137: reciprocal (mass time)
C138: reciprocal area | E138: =VLOOKUP(C138,J$2:J$300,1,FALSE) | F138: =SUBSTITUTE(PROPER(LOWER(C138))," ","") | J138: reciprocal area
C139: reciprocal electric potential difference | E139: =VLOOKUP(C139,J$2:J$300,1,FALSE) | F139: =SUBSTITUTE(PROPER(LOWER(C139))," ","") | J139: reciprocal electric potential difference
C140: reciprocal force | E140: =VLOOKUP(C140,J$2:J$300,1,FALSE) | F140: =SUBSTITUTE(PROPER(LOWER(C140))," ","") | J140: reciprocal force
C141: reciprocal length | E141: =VLOOKUP(C141,J$2:J$300,1,FALSE) | F141: =SUBSTITUTE(PROPER(LOWER(C141))," ","") | J141: reciprocal length
... C146: reciprocal volume | E146: =VLOOKUP(C146,J$2:J$300,1,FALSE) | F146: =SUBSTITUTE(PROPER(LOWER(C146))," ","") | J146: reluctance
C147: relative rate | D147: use for strain rate | E147: =VLOOKUP(C147,J$2:J$300,1,FALSE) | F147: =SUBSTITUTE(PROPER(LOWER(C147))," ","") | J147: second moment of area
C148: reluctance | E148: =VLOOKUP(C148,J$2:J$300,1,FALSE) | F148: =SUBSTITUTE(PROPER(LOWER(C148))," ","") | J148: signaling event per time
C149: second moment of area | E149: =VLOOKUP(C149,J$2:J$300,1,FALSE) | F149: =SUBSTITUTE(PROPER(LOWER(C149))," ","") | J149: solid angle
...
